{"goal": {"1": {"DRL-Agent (ours)": {"mean": 0.20666666666666667, "ci": 0.04582036163913092}, "Random": {"mean": 0.18, "ci": 0.04347490310512492}, "Degree": {"mean": 0.17666666666666667, "ci": 0.04315792944609454}, "Roam": {"mean": 0.31666666666666665, "ci": 0.052639641448739484}}, "3": {"DRL-Agent (ours)": {"mean": 0.36333333333333334, "ci": 0.05442571233307804}, "Random": {"mean": 0.32, "ci": 0.05278674581117246}, "Degree": {"mean": 0.19333333333333333, "ci": 0.04468850941879886}, "Roam": {"mean": 0.36, "ci": 0.054317113325359996}}, "5": {"DRL-Agent (ours)": {"mean": 0.43666666666666665, "ci": 0.056124591032082526}, "Random": {"mean": 0.33666666666666667, "ci": 0.05347630780351516}, "Degree": {"mean": 0.16333333333333333, "ci": 0.04183204442458844}, "Roam": {"mean": 0.3233333333333333, "ci": 0.05293075336561773}}, "10": {"DRL-Agent (ours)": {"mean": 0.5266666666666666, "ci": 0.0564997992785684}, "Random": {"mean": 0.3333333333333333, "ci": 0.0533444432872781}, "Degree": {"mean": 0.09333333333333334, "ci": 0.03291831956468864}, "Roam": {"mean": 0.25666666666666665, "ci": 0.04942787997191988}}}, "nmi": {"1": {"DRL-Agent (ours)": {"mean": 0.7131861443541021, "std": 0.03839619456798005}, "Random": {"mean": 0.7115096125835523, "std": 0.04435143320180007}, "Degree": {"mean": 0.7116030717174805, "std": 0.04144450806063595}, "Roam": {"mean": 0.7125823797154546, "std": 0.04576791003752038}}, "3": {"DRL-Agent (ours)": {"mean": 0.7101373005015205, "std": 0.04073931153873234}, "Random": {"mean": 0.7100147868837515, "std": 0.04430554816961386}, "Degree": {"mean": 0.713725960794697, "std": 0.04750807247591014}, "Roam": {"mean": 0.7125408426455352, "std": 0.04279114462970487}}, "5": {"DRL-Agent (ours)": {"mean": 0.711489547910861, "std": 0.046017074703221764}, "Random": {"mean": 0.7096539690903038, "std": 0.04220639372497341}, "Degree": {"mean": 0.7159138884225869, "std": 0.04334920433339516}, "Roam": {"mean": 0.7144846014258789, "std": 0.043661248295124244}}, "10": {"DRL-Agent (ours)": {"mean": 0.7038666813179109, "std": 0.04453885875819499}, "Random": {"mean": 0.7070385791695898, "std": 0.04517728181890278}, "Degree": {"mean": 0.7109591736949628, "std": 0.04181724292295508}, "Roam": {"mean": 0.714529782060232, "std": 0.0435860645051073}}}, "steps": {"1": {"DRL-Agent (ours)": {"mean": 1, "std": 0.0}, "Random": {"mean": 1, "std": 0.0}, "Degree": {"mean": 1, "std": 0.0}, "Roam": {"mean": 1, "std": 0.0}}, "3": {"DRL-Agent (ours)": {"mean": 3, "std": 0.0}, "Random": {"mean": 3, "std": 0.0}, "Degree": {"mean": 3, "std": 0.0}, "Roam": {"mean": 3, "std": 0.0}}, "5": {"DRL-Agent (ours)": {"mean": 5, "std": 0.0}, "Random": {"mean": 5, "std": 0.0}, "Degree": {"mean": 5, "std": 0.0}, "Roam": {"mean": 5, "std": 0.0}}, "10": {"DRL-Agent (ours)": {"mean": 10, "std": 0.0}, "Random": {"mean": 10, "std": 0.0}, "Degree": {"mean": 10, "std": 0.0}, "Roam": {"mean": 10, "std": 0.0}}}, "time": {"1": {"DRL-Agent (ours)": {"mean": 0.1856303644180298, "std": 0.09114815232948889}, "Random": {"mean": 0.024205977121988933, "std": 0.004165412134481724}, "Degree": {"mean": 0.03201874256134033, "std": 0.03358633835423258}, "Roam": {"mean": 0.02870190382003784, "std": 0.02252230464570535}}, "3": {"DRL-Agent (ours)": {"mean": 0.5036890522638957, "std": 0.18038954537390903}, "Random": {"mean": 0.03339443286259969, "std": 0.036386247676594145}, "Degree": {"mean": 0.03574434518814087, "std": 0.03533024524453538}, "Roam": {"mean": 0.03364169915517171, "std": 0.030754070177937392}}, "5": {"DRL-Agent (ours)": {"mean": 0.8125961120923361, "std": 0.2114868348670079}, "Random": {"mean": 0.029597410360972087, "std": 0.016350935179950725}, "Degree": {"mean": 0.037802491982777915, "std": 0.040767538406665464}, "Roam": {"mean": 0.03523420254389445, "std": 0.04229694934182899}}, "10": {"DRL-Agent (ours)": {"mean": 1.5188104661305746, "std": 0.39411205871432325}, "Random": {"mean": 0.026505181789398192, "std": 0.01182890635409924}, "Degree": {"mean": 0.03188048521677653, "std": 0.02346697026403992}, "Roam": {"mean": 0.029408811728159588, "std": 0.023100604336160714}}}}