{"goal": {"1": {"DRL-Agent (ours)": {"mean": 0.6933333333333334, "ci": 0.05217948284172266}, "Random": {"mean": 0.69, "ci": 0.052336037297449255}, "Degree": {"mean": 0.63, "ci": 0.05463445066988411}, "Roam": {"mean": 0.69, "ci": 0.052336037297449255}}, "3": {"DRL-Agent (ours)": {"mean": 0.8266666666666667, "ci": 0.042835289017178174}, "Random": {"mean": 0.7333333333333333, "ci": 0.050041523498731276}, "Degree": {"mean": 0.63, "ci": 0.05463445066988411}, "Roam": {"mean": 0.6733333333333333, "ci": 0.053071689321213505}}, "5": {"DRL-Agent (ours)": {"mean": 0.83, "ci": 0.04250685278085563}, "Random": {"mean": 0.7633333333333333, "ci": 0.04809734511807702}, "Degree": {"mean": 0.6533333333333333, "ci": 0.05385411514934137}, "Roam": {"mean": 0.6866666666666666, "ci": 0.052489414241420215}}, "10": {"DRL-Agent (ours)": {"mean": 0.92, "ci": 0.0306997155252835}, "Random": {"mean": 0.8233333333333334, "ci": 0.043157929446094534}, "Degree": {"mean": 0.69, "ci": 0.052336037297449255}, "Roam": {"mean": 0.66, "ci": 0.05360519377821518}}}, "nmi": {"1": {"DRL-Agent (ours)": {"mean": 0.4688836224040139, "std": 0.07141756247744174}, "Random": {"mean": 0.4736535595578478, "std": 0.06490670697254199}, "Degree": {"mean": 0.47548343523615494, "std": 0.06338547248109713}, "Roam": {"mean": 0.4698117695784208, "std": 0.06021804607781086}}, "3": {"DRL-Agent (ours)": {"mean": 0.46263024963134036, "std": 0.0619400261290333}, "Random": {"mean": 0.4689971355924348, "std": 0.0610279693361807}, "Degree": {"mean": 0.4845616829632849, "std": 0.06910320560148182}, "Roam": {"mean": 0.48634431128765615, "std": 0.06837837617081458}}, "5": {"DRL-Agent (ours)": {"mean": 0.4691949434936887, "std": 0.07011492169958937}, "Random": {"mean": 0.47098741098458086, "std": 0.06568082111805773}, "Degree": {"mean": 0.4738066178701595, "std": 0.06450805010341382}, "Roam": {"mean": 0.4777955169620711, "std": 0.06802373867799245}}, "10": {"DRL-Agent (ours)": {"mean": 0.4573334237372907, "std": 0.06321872090860578}, "Random": {"mean": 0.46170564416432625, "std": 0.06097587565807744}, "Degree": {"mean": 0.47409316006285257, "std": 0.061257721861681505}, "Roam": {"mean": 0.47427031552094484, "std": 0.06479750369883205}}}, "steps": {"1": {"DRL-Agent (ours)": {"mean": 1, "std": 0.0}, "Random": {"mean": 1, "std": 0.0}, "Degree": {"mean": 1, "std": 0.0}, "Roam": {"mean": 1, "std": 0.0}}, "3": {"DRL-Agent (ours)": {"mean": 3, "std": 0.0}, "Random": {"mean": 3, "std": 0.0}, "Degree": {"mean": 3, "std": 0.0}, "Roam": {"mean": 3, "std": 0.0}}, "5": {"DRL-Agent (ours)": {"mean": 5, "std": 0.0}, "Random": {"mean": 5, "std": 0.0}, "Degree": {"mean": 5, "std": 0.0}, "Roam": {"mean": 5, "std": 0.0}}, "10": {"DRL-Agent (ours)": {"mean": 10, "std": 0.0}, "Random": {"mean": 10, "std": 0.0}, "Degree": {"mean": 10, "std": 0.0}, "Roam": {"mean": 10, "std": 0.0}}}, "time": {"1": {"DRL-Agent (ours)": {"mean": 0.03778827746709188, "std": 0.020400859019692283}, "Random": {"mean": 0.004398090044657389, "std": 0.0011056964465160834}, "Degree": {"mean": 0.003828910986582438, "std": 0.0008113977133935723}, "Roam": {"mean": 0.004366022745768229, "std": 0.011096550994924625}}, "3": {"DRL-Agent (ours)": {"mean": 0.09117260376612345, "std": 0.041409563916664026}, "Random": {"mean": 0.004028664429982503, "std": 0.0013765012207677257}, "Degree": {"mean": 0.0038987914721171062, "std": 0.0013150191461592307}, "Roam": {"mean": 0.003632498582204183, "std": 0.0012920863986548882}}, "5": {"DRL-Agent (ours)": {"mean": 0.1277331829071045, "std": 0.04109744212132765}, "Random": {"mean": 0.003771263758341471, "std": 0.0009301705402955321}, "Degree": {"mean": 0.004252817630767822, "std": 0.011436991733494654}, "Roam": {"mean": 0.003412149747212728, "std": 0.0006655856749860293}}, "10": {"DRL-Agent (ours)": {"mean": 0.24395426750183105, "std": 0.0651845501693981}, "Random": {"mean": 0.0035139958063761393, "std": 0.000514014816382908}, "Degree": {"mean": 0.0035756595929463705, "std": 0.0006064582310824992}, "Roam": {"mean": 0.0033979217211405435, "std": 0.0008020959803896273}}}}