{"goal": {"1": {"DRL-Agent (ours)": {"mean": 0.11666666666666667, "ci": 0.03632713504724451}, "Random": {"mean": 0.08333333333333333, "ci": 0.03127595218670704}, "Degree": {"mean": 0, "ci": 0.0}, "Roam": {"mean": 0.043333333333333335, "ci": 0.023040230194323306}}, "3": {"DRL-Agent (ours)": {"mean": 0.36666666666666664, "ci": 0.05453148597794638}, "Random": {"mean": 0.27666666666666667, "ci": 0.05062244327334431}, "Degree": {"mean": 0, "ci": 0.0}, "Roam": {"mean": 0.043333333333333335, "ci": 0.023040230194323306}}, "5": {"DRL-Agent (ours)": {"mean": 0.6066666666666667, "ci": 0.05527781739808742}, "Random": {"mean": 0.4033333333333333, "ci": 0.055512832817353204}, "Degree": {"mean": 0, "ci": 0.0}, "Roam": {"mean": 0.11666666666666667, "ci": 0.03632713504724451}}, "10": {"DRL-Agent (ours)": {"mean": 0.8366666666666667, "ci": 0.04183204442458844}, "Random": {"mean": 0.7233333333333334, "ci": 0.05062244327334431}, "Degree": {"mean": 0, "ci": 0.0}, "Roam": {"mean": 0.12666666666666668, "ci": 0.03763714162406106}}}, "nmi": {"1": {"DRL-Agent (ours)": {"mean": 0.8239974800350821, "std": 0.08865434611390034}, "Random": {"mean": 0.8267006219932053, "std": 0.08635582549337964}, "Degree": {"mean": 0.7484616404380673, "std": 0.06693482638999192}, "Roam": {"mean": 0.8451858796764294, "std": 0.07882912733319053}}, "3": {"DRL-Agent (ours)": {"mean": 0.7650910751961408, "std": 0.09919644050306295}, "Random": {"mean": 0.7702542940147689, "std": 0.08744675326488918}, "Degree": {"mean": 0.7478921499832749, "std": 0.06522168199721701}, "Roam": {"mean": 0.8706869037131655, "std": 0.12084709557359337}}, "5": {"DRL-Agent (ours)": {"mean": 0.7340199929348091, "std": 0.09921824844753306}, "Random": {"mean": 0.7461519515064461, "std": 0.10020837069375044}, "Degree": {"mean": 0.7413319769284864, "std": 0.06283004338649507}, "Roam": {"mean": 0.8543275419392543, "std": 0.10190988586433271}}, "10": {"DRL-Agent (ours)": {"mean": 0.72766396187844, "std": 0.08977505996282306}, "Random": {"mean": 0.7215684504455545, "std": 0.09297446212228015}, "Degree": {"mean": 0.9571541383103522, "std": 0.09144912515289302}, "Roam": {"mean": 0.8513073989226063, "std": 0.10140131111630749}}}, "steps": {"1": {"DRL-Agent (ours)": {"mean": 1, "std": 0.0}, "Random": {"mean": 1, "std": 0.0}, "Degree": {"mean": 1, "std": 0.0}, "Roam": {"mean": 1, "std": 0.0}}, "3": {"DRL-Agent (ours)": {"mean": 3, "std": 0.0}, "Random": {"mean": 3, "std": 0.0}, "Degree": {"mean": 3, "std": 0.0}, "Roam": {"mean": 3, "std": 0.0}}, "5": {"DRL-Agent (ours)": {"mean": 5, "std": 0.0}, "Random": {"mean": 5, "std": 0.0}, "Degree": {"mean": 5, "std": 0.0}, "Roam": {"mean": 5, "std": 0.0}}, "10": {"DRL-Agent (ours)": {"mean": 10, "std": 0.0}, "Random": {"mean": 10, "std": 0.0}, "Degree": {"mean": 10, "std": 0.0}, "Roam": {"mean": 10, "std": 0.0}}}, "time": {"1": {"DRL-Agent (ours)": {"mean": 0.016690422693888346, "std": 0.004707255905411957}, "Random": {"mean": 0.0011899733543395995, "std": 0.0003061621501464729}, "Degree": {"mean": 0.0012097867329915364, "std": 0.0003430427358451458}, "Roam": {"mean": 0.0011527355511983235, "std": 0.0003004575797340288}}, "3": {"DRL-Agent (ours)": {"mean": 0.02955251932144165, "std": 0.005142870394936278}, "Random": {"mean": 0.0016382694244384765, "std": 0.007937748473590623}, "Degree": {"mean": 0.0010349281628926595, "std": 0.00015058595934460293}, "Roam": {"mean": 0.0010842219988505045, "std": 0.00024726886668764687}}, "5": {"DRL-Agent (ours)": {"mean": 0.045193196137746174, "std": 0.011697777923029451}, "Random": {"mean": 0.0011313740412394206, "std": 0.00028892531593147335}, "Degree": {"mean": 0.0010727516810099284, "std": 0.00018275968166698713}, "Roam": {"mean": 0.001081542174021403, "std": 0.0002138006148372763}}, "10": {"DRL-Agent (ours)": {"mean": 0.09048203865687053, "std": 0.01971008949512324}, "Random": {"mean": 0.0010710581143697103, "std": 0.00014131574587686107}, "Degree": {"mean": 0.0011072540283203125, "std": 0.00013769044452735914}, "Roam": {"mean": 0.0010068424542744954, "std": 0.00018377654061477728}}}}