{"goal": {"1": {"DRL-Agent (ours)": {"mean": 0.42, "ci": 0.05585140284719803}, "Random": {"mean": 0.41333333333333333, "ci": 0.05572388223959142}, "Degree": {"mean": 0.45, "ci": 0.05629671393607268}, "Roam": {"mean": 0.15, "ci": 0.040406435131053076}}, "3": {"DRL-Agent (ours)": {"mean": 0.68, "ci": 0.05278674581117246}, "Random": {"mean": 0.5933333333333334, "ci": 0.05558583139480647}, "Degree": {"mean": 0.45, "ci": 0.05629671393607268}, "Roam": {"mean": 0.44333333333333336, "ci": 0.05621578057080757}}, "5": {"DRL-Agent (ours)": {"mean": 0.89, "ci": 0.03540680913797985}, "Random": {"mean": 0.7633333333333333, "ci": 0.04809734511807702}, "Degree": {"mean": 0.41, "ci": 0.055656177854155005}, "Roam": {"mean": 0.33666666666666667, "ci": 0.05347630780351516}}, "10": {"DRL-Agent (ours)": {"mean": 0.98, "ci": 0.015842491386563337}, "Random": {"mean": 0.91, "ci": 0.032384514818042276}, "Degree": {"mean": 0.16666666666666666, "ci": 0.04217248532536965}, "Roam": {"mean": 0.34, "ci": 0.05360519377821518}}}, "nmi": {"1": {"DRL-Agent (ours)": {"mean": 0.8238735770867928, "std": 0.09138502764334332}, "Random": {"mean": 0.8255584655891937, "std": 0.08910114606898459}, "Degree": {"mean": 0.7454167934652438, "std": 0.06601215954114528}, "Roam": {"mean": 0.8496112202785526, "std": 0.08042918818107689}}, "3": {"DRL-Agent (ours)": {"mean": 0.7660609733391446, "std": 0.09747097771712171}, "Random": {"mean": 0.7758284590541553, "std": 0.09265028146307515}, "Degree": {"mean": 0.7416969943263577, "std": 0.06042682880870144}, "Roam": {"mean": 0.8681894989670028, "std": 0.11987718010401188}}, "5": {"DRL-Agent (ours)": {"mean": 0.743856744029649, "std": 0.09791522794202968}, "Random": {"mean": 0.7401629114359584, "std": 0.09343737944773473}, "Degree": {"mean": 0.7442542412975072, "std": 0.06443388537080785}, "Roam": {"mean": 0.8507786745531662, "std": 0.10028038207237755}}, "10": {"DRL-Agent (ours)": {"mean": 0.718469739756621, "std": 0.08583724101451323}, "Random": {"mean": 0.7283892738218883, "std": 0.08868555193184516}, "Degree": {"mean": 0.9603279058429187, "std": 0.08870949934500588}, "Roam": {"mean": 0.8438258052850887, "std": 0.09970058149517157}}}, "steps": {"1": {"DRL-Agent (ours)": {"mean": 1, "std": 0.0}, "Random": {"mean": 1, "std": 0.0}, "Degree": {"mean": 1, "std": 0.0}, "Roam": {"mean": 1, "std": 0.0}}, "3": {"DRL-Agent (ours)": {"mean": 3, "std": 0.0}, "Random": {"mean": 3, "std": 0.0}, "Degree": {"mean": 3, "std": 0.0}, "Roam": {"mean": 3, "std": 0.0}}, "5": {"DRL-Agent (ours)": {"mean": 5, "std": 0.0}, "Random": {"mean": 5, "std": 0.0}, "Degree": {"mean": 5, "std": 0.0}, "Roam": {"mean": 5, "std": 0.0}}, "10": {"DRL-Agent (ours)": {"mean": 10, "std": 0.0}, "Random": {"mean": 10, "std": 0.0}, "Degree": {"mean": 10, "std": 0.0}, "Roam": {"mean": 10, "std": 0.0}}}, "time": {"1": {"DRL-Agent (ours)": {"mean": 0.01814135948816935, "std": 0.009939203309759193}, "Random": {"mean": 0.0013475696245829265, "std": 0.00033617943242550847}, "Degree": {"mean": 0.001401217778523763, "std": 0.0004006681083547603}, "Roam": {"mean": 0.0013064996401468913, "std": 0.00036911841291286106}}, "3": {"DRL-Agent (ours)": {"mean": 0.03399024089177449, "std": 0.00912684689420274}, "Random": {"mean": 0.001415681044260661, "std": 0.0004839038836575401}, "Degree": {"mean": 0.001205918788909912, "std": 0.00032226720667171267}, "Roam": {"mean": 0.0012570031483968098, "std": 0.0004408425819116769}}, "5": {"DRL-Agent (ours)": {"mean": 0.05142715215682983, "std": 0.018530902137516576}, "Random": {"mean": 0.0012151114145914715, "std": 0.0003258698529052034}, "Degree": {"mean": 0.0012113738059997558, "std": 0.0003420157726823078}, "Roam": {"mean": 0.0011690990130106607, "std": 0.00030918435723419985}}, "10": {"DRL-Agent (ours)": {"mean": 0.09783353567123414, "std": 0.027382666876821834}, "Random": {"mean": 0.0011353723208109537, "std": 0.00026857633500793163}, "Degree": {"mean": 0.0012100942929585774, "std": 0.000351156245526367}, "Roam": {"mean": 0.0010933931668599447, "std": 0.0004435831323175969}}}}