{"goal": {"0.5": {"DRL-Agent (ours)": {"mean": 0.75, "ci": 0.08487048957087498}, "Random": {"mean": 0.61, "ci": 0.09559898744233644}, "Degree": {"mean": 0.71, "ci": 0.08893736222758128}, "Roam": {"mean": 0.3, "ci": 0.08981848362113447}}, "1": {"DRL-Agent (ours)": {"mean": 0.86, "ci": 0.06800945816575808}, "Random": {"mean": 0.76, "ci": 0.08370829349592548}, "Degree": {"mean": 0.81, "ci": 0.07689097736405746}, "Roam": {"mean": 0.45, "ci": 0.09750876883644877}}, "2": {"DRL-Agent (ours)": {"mean": 0.9, "ci": 0.0588}, "Random": {"mean": 0.88, "ci": 0.06369246109234593}, "Degree": {"mean": 0.89, "ci": 0.06132639236087509}, "Roam": {"mean": 0.47, "ci": 0.09782344095358739}}}, "nmi": {"0.5": {"DRL-Agent (ours)": {"mean": 0.7079588974050969, "std": 0.0312736024159625}, "Random": {"mean": 0.7225914345590665, "std": 0.034106333986384685}, "Degree": {"mean": 0.7056881100604394, "std": 0.03275707225857108}, "Roam": {"mean": 0.7196067270398483, "std": 0.03647712609339852}}, "1": {"DRL-Agent (ours)": {"mean": 0.7080427131417306, "std": 0.03526494436572701}, "Random": {"mean": 0.7155142244308761, "std": 0.0325487280387565}, "Degree": {"mean": 0.715104036320554, "std": 0.03631587685936631}, "Roam": {"mean": 0.7164970636287589, "std": 0.036623602401087633}}, "2": {"DRL-Agent (ours)": {"mean": 0.7066988477492225, "std": 0.03262650375205128}, "Random": {"mean": 0.7093042414491882, "std": 0.038776947888660464}, "Degree": {"mean": 0.7075779179934847, "std": 0.03590039404580264}, "Roam": {"mean": 0.7102413218502608, "std": 0.037771656199404174}}}, "steps": {"0.5": {"DRL-Agent (ours)": {"mean": 1.42, "std": 0.49355850717012273}, "Random": {"mean": 1.49, "std": 0.4998999899979995}, "Degree": {"mean": 1.52, "std": 0.4995998398718718}, "Roam": {"mean": 2, "std": 0.0}}, "1": {"DRL-Agent (ours)": {"mean": 1.94, "std": 1.2232742946698423}, "Random": {"mean": 2.24, "std": 1.2815615474880635}, "Degree": {"mean": 2.42, "std": 1.2898061869908983}, "Roam": {"mean": 4, "std": 0.0}}, "2": {"DRL-Agent (ours)": {"mean": 2.69, "std": 2.4070521390281514}, "Random": {"mean": 2.79, "std": 2.530987949398416}, "Degree": {"mean": 2.89, "std": 2.2355983539088586}, "Roam": {"mean": 8, "std": 0.0}}}, "time": {"0.5": {"DRL-Agent (ours)": {"mean": 0.2680103421211243, "std": 0.1710134344097544}, "Random": {"mean": 0.03532727956771851, "std": 0.00788785082142013}, "Degree": {"mean": 0.04192652463912964, "std": 0.053912779234610346}, "Roam": {"mean": 0.032773654460906985, "std": 0.05573416246450022}}, "1": {"DRL-Agent (ours)": {"mean": 0.3522711944580078, "std": 0.2640228564801946}, "Random": {"mean": 0.045478822971580124, "std": 0.01928517944695895}, "Degree": {"mean": 0.049718561172485354, "std": 0.019626558435410942}, "Roam": {"mean": 0.026764309406280516, "std": 0.0019283433968083263}}, "2": {"DRL-Agent (ours)": {"mean": 0.4625446343421936, "std": 0.43428357885747004}, "Random": {"mean": 0.05915468454360962, "std": 0.06387564828646154}, "Degree": {"mean": 0.07434469671055725, "std": 0.11707282088216532}, "Roam": {"mean": 0.026031742095947264, "std": 0.0013732771611673809}}}}