{"goal": {"1": {"DRL-Agent (ours)": {"mean": 0.97, "ci": 0.019303761291520373}, "Random": {"mean": 0.95, "ci": 0.024662792488551126}, "Degree": {"mean": 0.94, "ci": 0.0268741660335721}, "Roam": {"mean": 0.9533333333333334, "ci": 0.023868285482033506}}, "3": {"DRL-Agent (ours)": {"mean": 0.9766666666666667, "ci": 0.017082719880584542}, "Random": {"mean": 0.96, "ci": 0.02217486865801014}, "Degree": {"mean": 0.9666666666666667, "ci": 0.020312958826726752}, "Roam": {"mean": 0.9533333333333334, "ci": 0.023868285482033506}}, "5": {"DRL-Agent (ours)": {"mean": 0.9866666666666667, "ci": 0.012979263233098932}, "Random": {"mean": 0.96, "ci": 0.02217486865801014}, "Degree": {"mean": 0.9633333333333334, "ci": 0.021267647486960778}, "Roam": {"mean": 0.9833333333333333, "ci": 0.014486724446374543}}, "10": {"DRL-Agent (ours)": {"mean": 1, "ci": 0.0}, "Random": {"mean": 0.9566666666666667, "ci": 0.023040230194323306}, "Degree": {"mean": 0.9666666666666667, "ci": 0.020312958826726752}, "Roam": {"mean": 0.9566666666666667, "ci": 0.023040230194323306}}}, "nmi": {"1": {"DRL-Agent (ours)": {"mean": 0.7491345234901824, "std": 0.07089344642783704}, "Random": {"mean": 0.7514506483718475, "std": 0.07403889082633887}, "Degree": {"mean": 0.7705652026216341, "std": 0.06890534378839354}, "Roam": {"mean": 0.7706811351167379, "std": 0.06788912230589045}}, "3": {"DRL-Agent (ours)": {"mean": 0.7357377365393184, "std": 0.07231548853172148}, "Random": {"mean": 0.7410986307154468, "std": 0.0770310107273975}, "Degree": {"mean": 0.7703097039842886, "std": 0.06806569825611886}, "Roam": {"mean": 0.7609482404365697, "std": 0.06899439931698498}}, "5": {"DRL-Agent (ours)": {"mean": 0.7188653138743026, "std": 0.08376090806534266}, "Random": {"mean": 0.7440155043426251, "std": 0.08007907174611269}, "Degree": {"mean": 0.7637928221329826, "std": 0.06750993869137588}, "Roam": {"mean": 0.760673112633939, "std": 0.062434865021281746}}, "10": {"DRL-Agent (ours)": {"mean": 0.6989695665492041, "std": 0.09026978290778437}, "Random": {"mean": 0.7195122732514541, "std": 0.09078299970600258}, "Degree": {"mean": 0.7742621925246211, "std": 0.06824437608673603}, "Roam": {"mean": 0.7617603367985823, "std": 0.06705729946955896}}}, "steps": {"1": {"DRL-Agent (ours)": {"mean": 1, "std": 0.0}, "Random": {"mean": 1, "std": 0.0}, "Degree": {"mean": 1, "std": 0.0}, "Roam": {"mean": 1, "std": 0.0}}, "3": {"DRL-Agent (ours)": {"mean": 3, "std": 0.0}, "Random": {"mean": 3, "std": 0.0}, "Degree": {"mean": 3, "std": 0.0}, "Roam": {"mean": 3, "std": 0.0}}, "5": {"DRL-Agent (ours)": {"mean": 5, "std": 0.0}, "Random": {"mean": 5, "std": 0.0}, "Degree": {"mean": 5, "std": 0.0}, "Roam": {"mean": 5, "std": 0.0}}, "10": {"DRL-Agent (ours)": {"mean": 10, "std": 0.0}, "Random": {"mean": 10, "std": 0.0}, "Degree": {"mean": 10, "std": 0.0}, "Roam": {"mean": 10, "std": 0.0}}}, "time": {"1": {"DRL-Agent (ours)": {"mean": 0.015412120819091797, "std": 0.0030633430119405823}, "Random": {"mean": 0.0009456801414489746, "std": 0.00014294579303951641}, "Degree": {"mean": 0.0009620213508605958, "std": 0.00018976600613097}, "Roam": {"mean": 0.0008971381187438965, "std": 0.00011488965253607506}}, "3": {"DRL-Agent (ours)": {"mean": 0.032326582272847494, "std": 0.012383118597401732}, "Random": {"mean": 0.0011005258560180663, "std": 0.0002445935110415481}, "Degree": {"mean": 0.000977017879486084, "std": 0.0001656755115573191}, "Roam": {"mean": 0.0010155566533406575, "std": 0.00022052144181126907}}, "5": {"DRL-Agent (ours)": {"mean": 0.04905364433924357, "std": 0.017475002530444664}, "Random": {"mean": 0.0010251498222351074, "std": 0.00021762658958679852}, "Degree": {"mean": 0.0010483686129252115, "std": 0.0002898925296042123}, "Roam": {"mean": 0.0010179559389750163, "std": 0.00022187357351789242}}, "10": {"DRL-Agent (ours)": {"mean": 0.1008067798614502, "std": 0.027048382359480372}, "Random": {"mean": 0.0010481595993041993, "std": 0.00024736699318241397}, "Degree": {"mean": 0.0010818123817443847, "std": 0.00024010251155642524}, "Roam": {"mean": 0.0009701037406921386, "std": 0.000239407072730373}}}}