{"goal": {"0.5": {"DRL-Agent (ours)": {"mean": 0.88, "ci": 0.06369246109234593}, "Random": {"mean": 0.87, "ci": 0.06591547314553692}, "Degree": {"mean": 0.85, "ci": 0.06998599859971993}, "Roam": {"mean": 0.16, "ci": 0.07185478689690757}}, "1": {"DRL-Agent (ours)": {"mean": 0.96, "ci": 0.03840799916684025}, "Random": {"mean": 0.93, "ci": 0.05000881522291843}, "Degree": {"mean": 0.89, "ci": 0.06132639236087509}, "Roam": {"mean": 0.37, "ci": 0.09462964440385475}}, "2": {"DRL-Agent (ours)": {"mean": 0.99, "ci": 0.01950175376728976}, "Random": {"mean": 1, "ci": 0.0}, "Degree": {"mean": 0.99, "ci": 0.01950175376728976}, "Roam": {"mean": 0.37, "ci": 0.09462964440385475}}}, "nmi": {"0.5": {"DRL-Agent (ours)": {"mean": 0.96086425431372, "std": 0.07194355375287384}, "Random": {"mean": 0.9457994794393928, "std": 0.0834973266811282}, "Degree": {"mean": 0.9808509044213669, "std": 0.04479305375408847}, "Roam": {"mean": 0.9928833713369165, "std": 0.03881417375377024}}, "1": {"DRL-Agent (ours)": {"mean": 0.9543450407779783, "std": 0.07539873403706268}, "Random": {"mean": 0.9401516792579261, "std": 0.09021632301732874}, "Degree": {"mean": 0.9684789125590264, "std": 0.0760035163709663}, "Roam": {"mean": 0.9838119781558613, "std": 0.05500576816961318}}, "2": {"DRL-Agent (ours)": {"mean": 0.9552558907967572, "std": 0.07224095988703097}, "Random": {"mean": 0.9504501533806873, "std": 0.07490462774883962}, "Degree": {"mean": 0.9767816481361414, "std": 0.056998510954779}, "Roam": {"mean": 0.9805239104064131, "std": 0.058741779936436776}}}, "steps": {"0.5": {"DRL-Agent (ours)": {"mean": 1.3, "std": 0.458257569495584}, "Random": {"mean": 1.3, "std": 0.458257569495584}, "Degree": {"mean": 1.4, "std": 0.48989794855663565}, "Roam": {"mean": 2, "std": 0.0}}, "1": {"DRL-Agent (ours)": {"mean": 1.37, "std": 0.6731270311018568}, "Random": {"mean": 1.5, "std": 0.9110433579144299}, "Degree": {"mean": 1.69, "std": 1.0265963179361204}, "Roam": {"mean": 4, "std": 0.0}}, "2": {"DRL-Agent (ours)": {"mean": 1.6, "std": 1.2409673645990857}, "Random": {"mean": 1.43, "std": 0.9513674369033239}, "Degree": {"mean": 1.78, "std": 1.2536347155371852}, "Roam": {"mean": 8, "std": 0.0}}}, "time": {"0.5": {"DRL-Agent (ours)": {"mean": 0.33602248430252074, "std": 0.19279207025627237}, "Random": {"mean": 0.13060269117355347, "std": 0.04208990005809382}, "Degree": {"mean": 0.14039870500564575, "std": 0.04573400671687116}, "Roam": {"mean": 0.10906567335128785, "std": 0.06389303795182534}}, "1": {"DRL-Agent (ours)": {"mean": 0.3713182735443115, "std": 0.2888047678120829}, "Random": {"mean": 0.1504284691810608, "std": 0.08438487676307094}, "Degree": {"mean": 0.17599742650985717, "std": 0.1190338320556324}, "Roam": {"mean": 0.10965156078338623, "std": 0.06449535788949609}}, "2": {"DRL-Agent (ours)": {"mean": 0.40577431440353395, "std": 0.36045977265003903}, "Random": {"mean": 0.1499118661880493, "std": 0.10694859671001179}, "Degree": {"mean": 0.17687315464019776, "std": 0.11528149943855522}, "Roam": {"mean": 0.10335684537887574, "std": 0.0022037216921731865}}}}