{
    "goal": {
        "1": {
            "DRL-Agent (ours)": {
                "mean": 0.3233333333333333,
                "ci": 0.05293075336561773
            },
            "Random": {
                "mean": 0.23666666666666666,
                "ci": 0.04809734511807701
            },
            "Degree": {
                "mean": 0.09333333333333334,
                "ci": 0.03291831956468864
            },
            "Roam": {
                "mean": 0.08,
                "ci": 0.030699715525283507
            }
        },
        "3": {
            "DRL-Agent (ours)": {
                "mean": 0.5133333333333333,
                "ci": 0.05656020535349593
            },
            "Random": {
                "mean": 0.28,
                "ci": 0.05080900707551762
            },
            "Degree": {
                "mean": 0.11,
                "ci": 0.03540680913797985
            },
            "Roam": {
                "mean": 0.09,
                "ci": 0.032384514818042276
            }
        },
        "5": {
            "DRL-Agent (ours)": {
                "mean": 0.6433333333333333,
                "ci": 0.054205671973273
            },
            "Random": {
                "mean": 0.32,
                "ci": 0.05278674581117246
            },
            "Degree": {
                "mean": 0.12666666666666668,
                "ci": 0.03763714162406106
            },
            "Roam": {
                "mean": 0.08666666666666667,
                "ci": 0.03183729376178311
            }
        },
        "10": {
            "DRL-Agent (ours)": {
                "mean": 0.83,
                "ci": 0.04250685278085563
            },
            "Random": {
                "mean": 0.5,
                "ci": 0.05658032638058333
            },
            "Degree": {
                "mean": 0.12666666666666668,
                "ci": 0.03763714162406106
            },
            "Roam": {
                "mean": 0.10666666666666667,
                "ci": 0.034931446938041164
            }
        }
    },
    "nmi": {
        "1": {
            "DRL-Agent (ours)": {
                "mean": 0.9044656697026496,
                "std": 0.09955164495319832
            },
            "Random": {
                "mean": 0.9125405839505841,
                "std": 0.09389991525653177
            },
            "Degree": {
                "mean": 0.9456346378711712,
                "std": 0.09289468938815598
            },
            "Roam": {
                "mean": 0.9517969382168802,
                "std": 0.09264298876906468
            }
        },
        "3": {
            "DRL-Agent (ours)": {
                "mean": 0.7869802420647204,
                "std": 0.11281856651057746
            },
            "Random": {
                "mean": 0.8194259862701855,
                "std": 0.1143594003603048
            },
            "Degree": {
                "mean": 0.9688866167708555,
                "std": 0.051125987331825794
            },
            "Roam": {
                "mean": 0.9549543992785559,
                "std": 0.07328610779957248
            }
        },
        "5": {
            "DRL-Agent (ours)": {
                "mean": 0.7200003465019201,
                "std": 0.11464289558929351
            },
            "Random": {
                "mean": 0.7649060076741988,
                "std": 0.11217865992877259
            },
            "Degree": {
                "mean": 0.9665117240316458,
                "std": 0.05338199772827807
            },
            "Roam": {
                "mean": 0.9491082460940654,
                "std": 0.08063322455809992
            }
        },
        "10": {
            "DRL-Agent (ours)": {
                "mean": 0.6683685612112324,
                "std": 0.10591657762203917
            },
            "Random": {
                "mean": 0.7040211027726215,
                "std": 0.10834419457386943
            },
            "Degree": {
                "mean": 0.9524659354971048,
                "std": 0.0807221740649549
            },
            "Roam": {
                "mean": 0.9317260436733085,
                "std": 0.0976468937236229
            }
        }
    },
    "steps": {
        "1": {
            "DRL-Agent (ours)": {
                "mean": 1,
                "std": 0.0
            },
            "Random": {
                "mean": 1,
                "std": 0.0
            },
            "Degree": {
                "mean": 1,
                "std": 0.0
            },
            "Roam": {
                "mean": 1,
                "std": 0.0
            }
        },
        "3": {
            "DRL-Agent (ours)": {
                "mean": 3,
                "std": 0.0
            },
            "Random": {
                "mean": 3,
                "std": 0.0
            },
            "Degree": {
                "mean": 3,
                "std": 0.0
            },
            "Roam": {
                "mean": 3,
                "std": 0.0
            }
        },
        "5": {
            "DRL-Agent (ours)": {
                "mean": 5,
                "std": 0.0
            },
            "Random": {
                "mean": 5,
                "std": 0.0
            },
            "Degree": {
                "mean": 5,
                "std": 0.0
            },
            "Roam": {
                "mean": 5,
                "std": 0.0
            }
        },
        "10": {
            "DRL-Agent (ours)": {
                "mean": 10,
                "std": 0.0
            },
            "Random": {
                "mean": 10,
                "std": 0.0
            },
            "Degree": {
                "mean": 10,
                "std": 0.0
            },
            "Roam": {
                "mean": 10,
                "std": 0.0
            }
        }
    },
    "time": {
        "1": {
            "DRL-Agent (ours)": {
                "mean": 0.020533915360768637,
                "std": 0.006877090255655276
            },
            "Random": {
                "mean": 0.0011974128087361654,
                "std": 0.0003836095208033037
            },
            "Degree": {
                "mean": 0.0011905320485432942,
                "std": 0.00038004126481072897
            },
            "Roam": {
                "mean": 0.0011373313268025717,
                "std": 0.00036044534198223033
            }
        },
        "3": {
            "DRL-Agent (ours)": {
                "mean": 0.050509755611419675,
                "std": 0.02148665626797575
            },
            "Random": {
                "mean": 0.0014734737078348796,
                "std": 0.0005562702383958594
            },
            "Degree": {
                "mean": 0.0013484414418538412,
                "std": 0.00048583228845516753
            },
            "Roam": {
                "mean": 0.0014004826545715332,
                "std": 0.0005143127812198581
            }
        },
        "5": {
            "DRL-Agent (ours)": {
                "mean": 0.07278534571329752,
                "std": 0.03420098400478727
            },
            "Random": {
                "mean": 0.001258986790974935,
                "std": 0.00038974111331921874
            },
            "Degree": {
                "mean": 0.0012999820709228517,
                "std": 0.00038909030030496495
            },
            "Roam": {
                "mean": 0.0012311704953511557,
                "std": 0.000346591833705122
            }
        },
        "10": {
            "DRL-Agent (ours)": {
                "mean": 0.1545546873410543,
                "std": 0.05937810442441123
            },
            "Random": {
                "mean": 0.0012408320109049478,
                "std": 0.00031356627203709515
            },
            "Degree": {
                "mean": 0.0013616132736206056,
                "std": 0.0004254482369361087
            },