{"goal": {"0.5": {"DRL-Agent (ours)": {"mean": 0.19, "ci": 0.07689097736405748}, "Random": {"mean": 0.22, "ci": 0.08119227549465528}, "Degree": {"mean": 0.03, "ci": 0.03343509533409468}, "Roam": {"mean": 0.1, "ci": 0.058800000000000005}}, "1": {"DRL-Agent (ours)": {"mean": 0.63, "ci": 0.09462964440385475}, "Random": {"mean": 0.47, "ci": 0.09782344095358739}, "Degree": {"mean": 0.59, "ci": 0.09639932779848623}, "Roam": {"mean": 0.14, "ci": 0.06800945816575808}}, "2": {"DRL-Agent (ours)": {"mean": 0.92, "ci": 0.05317346706770209}, "Random": {"mean": 0.81, "ci": 0.07689097736405746}, "Degree": {"mean": 0.82, "ci": 0.07530074103221031}, "Roam": {"mean": 0.14, "ci": 0.06800945816575808}}}, "nmi": {"0.5": {"DRL-Agent (ours)": {"mean": 0.9592538649850739, "std": 0.06394888803767598}, "Random": {"mean": 0.9583104774826722, "std": 0.06781145644510464}, "Degree": {"mean": 0.995946456549361, "std": 0.030338261720223417}, "Roam": {"mean": 0.9926070070246984, "std": 0.03227225094593947}}, "1": {"DRL-Agent (ours)": {"mean": 0.8924124589486241, "std": 0.08977895521245356}, "Random": {"mean": 0.9082443148079605, "std": 0.09477353799797426}, "Degree": {"mean": 0.9088948951945223, "std": 0.09156264691163303}, "Roam": {"mean": 0.9701469161379082, "std": 0.06292606390625734}}, "2": {"DRL-Agent (ours)": {"mean": 0.8483726015689296, "std": 0.06043688317805997}, "Random": {"mean": 0.8559865068828991, "std": 0.0817657632473}, "Degree": {"mean": 0.8690089284894865, "std": 0.07468723753183058}, "Roam": {"mean": 0.9744874172717395, "std": 0.06106558363780168}}}, "steps": {"0.5": {"DRL-Agent (ours)": {"mean": 0.89, "std": 0.31288975694324034}, "Random": {"mean": 1, "std": 0.0}, "Degree": {"mean": 1, "std": 0.0}, "Roam": {"mean": 1, "std": 0.0}}, "1": {"DRL-Agent (ours)": {"mean": 2.19, "std": 0.8682741502543998}, "Random": {"mean": 2.4, "std": 0.8246211251235321}, "Degree": {"mean": 2.66, "std": 0.5868560300448484}, "Roam": {"mean": 3, "std": 0.0}}, "2": {"DRL-Agent (ours)": {"mean": 2.69, "std": 1.5728636304524306}, "Random": {"mean": 3.21, "std": 1.8777380008936282}, "Degree": {"mean": 3.8, "std": 1.6852299546352716}, "Roam": {"mean": 6, "std": 0.0}}}, "time": {"0.5": {"DRL-Agent (ours)": {"mean": 0.019831347465515136, "std": 0.0029235297032222233}, "Random": {"mean": 0.0014821600914001465, "std": 0.00027162765280288963}, "Degree": {"mean": 0.0014774894714355469, "std": 0.0003557835322402376}, "Roam": {"mean": 0.0015750789642333984, "std": 0.0005059400897994628}}, "1": {"DRL-Agent (ours)": {"mean": 0.0353858733177185, "std": 0.009914551441524373}, "Random": {"mean": 0.002301928997039795, "std": 0.0007104772092546113}, "Degree": {"mean": 0.0024259662628173828, "std": 0.0005487218356024608}, "Roam": {"mean": 0.0014271306991577148, "std": 0.0005784514989632557}}, "2": {"DRL-Agent (ours)": {"mean": 0.04186372995376587, "std": 0.020370468006740312}, "Random": {"mean": 0.0029108190536499025, "std": 0.001346477563618396}, "Degree": {"mean": 0.003137617111206055, "std": 0.00111830170775443}, "Roam": {"mean": 0.001427299976348877, "std": 0.0005771241122621543}}}}