{"goal": {"1": {"DRL-Agent (ours)": {"mean": 0.4033333333333333, "ci": 0.055512832817353204}, "Random": {"mean": 0.4033333333333333, "ci": 0.055512832817353204}, "Degree": {"mean": 0.4766666666666667, "ci": 0.0565186831122306}, "Roam": {"mean": 0.4266666666666667, "ci": 0.055968465195110506}}, "3": {"DRL-Agent (ours)": {"mean": 0.59, "ci": 0.055656177854155}, "Random": {"mean": 0.5166666666666667, "ci": 0.05654888412954137}, "Degree": {"mean": 0.43666666666666665, "ci": 0.056124591032082526}, "Roam": {"mean": 0.45666666666666667, "ci": 0.056367435305883506}}, "5": {"DRL-Agent (ours)": {"mean": 0.68, "ci": 0.05278674581117246}, "Random": {"mean": 0.5933333333333334, "ci": 0.05558583139480647}, "Degree": {"mean": 0.4633333333333333, "ci": 0.0564279830764318}, "Roam": {"mean": 0.48333333333333334, "ci": 0.05654888412954137}}, "10": {"DRL-Agent (ours)": {"mean": 0.8333333333333334, "ci": 0.042172485325369644}, "Random": {"mean": 0.6333333333333333, "ci": 0.05453148597794638}, "Degree": {"mean": 0, "ci": 0.0}, "Roam": {"mean": 0.53, "ci": 0.05647838996760915}}}, "nmi": {"1": {"DRL-Agent (ours)": {"mean": 0.7813696340796654, "std": 0.08860788480274662}, "Random": {"mean": 0.7824500294249637, "std": 0.08763435730517434}, "Degree": {"mean": 0.7926466706227862, "std": 0.11244775877387218}, "Roam": {"mean": 0.866227393380416, "std": 0.11308808968118714}}, "3": {"DRL-Agent (ours)": {"mean": 0.7599984363603164, "std": 0.10695440269905183}, "Random": {"mean": 0.7703439002376502, "std": 0.09652622187093318}, "Degree": {"mean": 0.7968834495218463, "std": 0.1099851887135987}, "Roam": {"mean": 0.8477648165197073, "std": 0.13626794168541606}}, "5": {"DRL-Agent (ours)": {"mean": 0.7364938239085944, "std": 0.12469236779598863}, "Random": {"mean": 0.7329389639332159, "std": 0.1255987758675567}, "Degree": {"mean": 0.7960659024926662, "std": 0.10958430380070508}, "Roam": {"mean": 0.7758539515199002, "std": 0.10080784534323234}}, "10": {"DRL-Agent (ours)": {"mean": 0.6329183087428417, "std": 0.11745529041605313}, "Random": {"mean": 0.6429149622335957, "std": 0.11414576792808549}, "Degree": {"mean": 1.0, "std": 0.0}, "Roam": {"mean": 0.7438432677040306, "std": 0.11579817845932781}}}, "steps": {"1": {"DRL-Agent (ours)": {"mean": 1, "std": 0.0}, "Random": {"mean": 1, "std": 0.0}, "Degree": {"mean": 1, "std": 0.0}, "Roam": {"mean": 1, "std": 0.0}}, "3": {"DRL-Agent (ours)": {"mean": 3, "std": 0.0}, "Random": {"mean": 3, "std": 0.0}, "Degree": {"mean": 3, "std": 0.0}, "Roam": {"mean": 3, "std": 0.0}}, "5": {"DRL-Agent (ours)": {"mean": 5, "std": 0.0}, "Random": {"mean": 5, "std": 0.0}, "Degree": {"mean": 5, "std": 0.0}, "Roam": {"mean": 5, "std": 0.0}}, "10": {"DRL-Agent (ours)": {"mean": 10, "std": 0.0}, "Random": {"mean": 10, "std": 0.0}, "Degree": {"mean": 10, "std": 0.0}, "Roam": {"mean": 10, "std": 0.0}}}, "time": {"1": {"DRL-Agent (ours)": {"mean": 0.03945159117380778, "std": 0.023600423834527724}, "Random": {"mean": 0.004105385939280192, "std": 0.001165424184891743}, "Degree": {"mean": 0.004018179575602214, "std": 0.0011834031467219152}, "Roam": {"mean": 0.00453178326288859, "std": 0.011663604012139265}}, "3": {"DRL-Agent (ours)": {"mean": 0.07784732580184936, "std": 0.023951714723794214}, "Random": {"mean": 0.003903172810872396, "std": 0.01011273761858378}, "Degree": {"mean": 0.0033375215530395508, "std": 0.0009294687598147904}, "Roam": {"mean": 0.003769099712371826, "std": 0.01072434358304322}}, "5": {"DRL-Agent (ours)": {"mean": 0.12776580254236858, "std": 0.04211318129727302}, "Random": {"mean": 0.003393115202585856, "std": 0.0007574674431173245}, "Degree": {"mean": 0.0035411341985066734, "std": 0.0008115220315647471}, "Roam": {"mean": 0.0033279887835184732, "std": 0.0006523636356415664}}, "10": {"DRL-Agent (ours)": {"mean": 0.2449808382987976, "std": 0.062212570242497885}, "Random": {"mean": 0.003307630221048991, "std": 0.0005801187865932531}, "Degree": {"mean": 0.0036788050333658854, "std": 0.0007825999803921575}, "Roam": {"mean": 0.003925587336222331, "std": 0.011707819910561891}}}}