{"goal": {"0.5": {"DRL-Agent (ours)": {"mean": 0.72, "ci": 0.08800378173692311}, "Random": {"mean": 0.63, "ci": 0.09462964440385475}, "Degree": {"mean": 0.57, "ci": 0.09703484734877466}, "Roam": {"mean": 0.35, "ci": 0.09348604173886066}}, "1": {"DRL-Agent (ours)": {"mean": 0.91, "ci": 0.05609162504331639}, "Random": {"mean": 0.77, "ci": 0.08248317161700318}, "Degree": {"mean": 0.83, "ci": 0.07362402868629236}, "Roam": {"mean": 0.41, "ci": 0.09639932779848623}}, "2": {"DRL-Agent (ours)": {"mean": 0.98, "ci": 0.02744000000000001}, "Random": {"mean": 0.94, "ci": 0.04654742098118865}, "Degree": {"mean": 0.91, "ci": 0.05609162504331639}, "Roam": {"mean": 0.36, "ci": 0.09408}}}, "nmi": {"0.5": {"DRL-Agent (ours)": {"mean": 0.5968640025381391, "std": 0.058581858071922704}, "Random": {"mean": 0.6030996626169457, "std": 0.06743713866833798}, "Degree": {"mean": 0.6074191825056934, "std": 0.06405872944253296}, "Roam": {"mean": 0.6003140032383185, "std": 0.059090747990398845}}, "1": {"DRL-Agent (ours)": {"mean": 0.5946885455217084, "std": 0.05922938709207373}, "Random": {"mean": 0.5976828663312505, "std": 0.06174035544169936}, "Degree": {"mean": 0.6086560148912494, "std": 0.06317603278104891}, "Roam": {"mean": 0.6185440304103332, "std": 0.05929197097159097}}, "2": {"DRL-Agent (ours)": {"mean": 0.5912686074721349, "std": 0.06004282151755107}, "Random": {"mean": 0.5987873238254104, "std": 0.062312401460510716}, "Degree": {"mean": 0.5968604371930841, "std": 0.06890971571041048}, "Roam": {"mean": 0.6046343097908518, "std": 0.06442028811124434}}}, "steps": {"0.5": {"DRL-Agent (ours)": {"mean": 1.45, "std": 0.49749371855331}, "Random": {"mean": 1.58, "std": 0.49355850717012273}, "Degree": {"mean": 1.57, "std": 0.49507575177946245}, "Roam": {"mean": 2, "std": 0.0}}, "1": {"DRL-Agent (ours)": {"mean": 1.73, "std": 1.0281536850101738}, "Random": {"mean": 2.24, "std": 1.3047605144240073}, "Degree": {"mean": 2.24, "std": 1.2257242756835651}, "Roam": {"mean": 4, "std": 0.0}}, "2": {"DRL-Agent (ours)": {"mean": 2.35, "std": 1.9968725547715858}, "Random": {"mean": 2.45, "std": 2.2907422377910613}, "Degree": {"mean": 2.93, "std": 2.6315584736045676}, "Roam": {"mean": 9, "std": 0.0}}}, "time": {"0.5": {"DRL-Agent (ours)": {"mean": 0.04724173069000244, "std": 0.017152772199480783}, "Random": {"mean": 0.005641751289367676, "std": 0.0013927099764332086}, "Degree": {"mean": 0.005438151359558105, "std": 0.0013976346291660426}, "Roam": {"mean": 0.008731942176818847, "std": 0.04707201867303742}}, "1": {"DRL-Agent (ours)": {"mean": 0.05301158428192139, "std": 0.025691712540606756}, "Random": {"mean": 0.007141425609588623, "std": 0.003170694159236359}, "Degree": {"mean": 0.011313822269439697, "std": 0.043777366448151056}, "Roam": {"mean": 0.004125604629516602, "std": 0.000701348384021362}}, "2": {"DRL-Agent (ours)": {"mean": 0.0697265887260437, "std": 0.052573770842822866}, "Random": {"mean": 0.007521631717681884, "std": 0.004922941993522123}, "Degree": {"mean": 0.008420822620391845, "std": 0.005640032282290246}, "Roam": {"mean": 0.00852393388748169, "std": 0.044073445033441384}}}}