{"goal": {"1": {"DRL-Agent (ours)": {"mean": 0.4266666666666667, "ci": 0.055968465195110506}, "Random": {"mean": 0.39666666666666667, "ci": 0.05535883696059401}, "Degree": {"mean": 0.28, "ci": 0.05080900707551762}, "Roam": {"mean": 0.65, "ci": 0.0539741913634038}}, "3": {"DRL-Agent (ours)": {"mean": 0.4866666666666667, "ci": 0.05656020535349593}, "Random": {"mean": 0.47333333333333333, "ci": 0.0564997992785684}, "Degree": {"mean": 0.23666666666666666, "ci": 0.04809734511807701}, "Roam": {"mean": 0.4633333333333333, "ci": 0.0564279830764318}}, "5": {"DRL-Agent (ours)": {"mean": 0.5566666666666666, "ci": 0.05621578057080757}, "Random": {"mean": 0.53, "ci": 0.05647838996760915}, "Degree": {"mean": 0.25666666666666665, "ci": 0.04942787997191988}, "Roam": {"mean": 0.42333333333333334, "ci": 0.05591123706044814}}, "10": {"DRL-Agent (ours)": {"mean": 0.66, "ci": 0.05360519377821518}, "Random": {"mean": 0.65, "ci": 0.0539741913634038}, "Degree": {"mean": 0, "ci": 0.0}, "Roam": {"mean": 0.48, "ci": 0.05653504399927535}}}, "nmi": {"1": {"DRL-Agent (ours)": {"mean": 0.9867305236572176, "std": 0.02098094242902071}, "Random": {"mean": 0.9880288620210016, "std": 0.018336195787080286}, "Degree": {"mean": 0.9903867130642572, "std": 0.017503971132599057}, "Roam": {"mean": 0.9885589579030869, "std": 0.019479401412458065}}, "3": {"DRL-Agent (ours)": {"mean": 0.9790245503856986, "std": 0.021039314539415103}, "Random": {"mean": 0.9764245801183327, "std": 0.022480375709417567}, "Degree": {"mean": 0.9904239091566012, "std": 0.017685649953718012}, "Roam": {"mean": 0.9922071995174969, "std": 0.016137450390976717}}, "5": {"DRL-Agent (ours)": {"mean": 0.9702546914462805, "std": 0.02285283919472564}, "Random": {"mean": 0.9694101587114926, "std": 0.023187801760809725}, "Degree": {"mean": 0.9914570467241776, "std": 0.016668386974894336}, "Roam": {"mean": 0.9911954562329363, "std": 0.016538662701453863}}, "10": {"DRL-Agent (ours)": {"mean": 0.9565864104760162, "std": 0.022948623436013487}, "Random": {"mean": 0.9552196988710092, "std": 0.021774957925290495}, "Degree": {"mean": 1.0, "std": 0.0}, "Roam": {"mean": 0.9905740900994922, "std": 0.017221413084029892}}}, "steps": {"1": {"DRL-Agent (ours)": {"mean": 1, "std": 0.0}, "Random": {"mean": 1, "std": 0.0}, "Degree": {"mean": 1, "std": 0.0}, "Roam": {"mean": 1, "std": 0.0}}, "3": {"DRL-Agent (ours)": {"mean": 3, "std": 0.0}, "Random": {"mean": 3, "std": 0.0}, "Degree": {"mean": 3, "std": 0.0}, "Roam": {"mean": 3, "std": 0.0}}, "5": {"DRL-Agent (ours)": {"mean": 5, "std": 0.0}, "Random": {"mean": 5, "std": 0.0}, "Degree": {"mean": 5, "std": 0.0}, "Roam": {"mean": 5, "std": 0.0}}, "10": {"DRL-Agent (ours)": {"mean": 10, "std": 0.0}, "Random": {"mean": 10, "std": 0.0}, "Degree": {"mean": 10, "std": 0.0}, "Roam": {"mean": 10, "std": 0.0}}}, "time": {"1": {"DRL-Agent (ours)": {"mean": 1.843886194229126, "std": 0.3749194354881582}, "Random": {"mean": 0.9142927201588948, "std": 0.16750505092630238}, "Degree": {"mean": 0.9178286258379619, "std": 0.1441609458871052}, "Roam": {"mean": 0.9151584808031717, "std": 0.17138352286341452}}, "3": {"DRL-Agent (ours)": {"mean": 3.5334887941678366, "std": 0.5179638788532742}, "Random": {"mean": 0.9127739079793294, "std": 0.1854083645837991}, "Degree": {"mean": 0.9193171111742655, "std": 0.17600896555973392}, "Roam": {"mean": 0.9202491553624471, "std": 0.18973260617929422}}, "5": {"DRL-Agent (ours)": {"mean": 5.149371836980184, "std": 0.5802075639081822}, "Random": {"mean": 0.9134850255648295, "std": 0.18224117830471176}, "Degree": {"mean": 0.9277144432067871, "std": 0.17827058047199618}, "Roam": {"mean": 0.9225024056434631, "std": 0.20712090459015106}}, "10": {"DRL-Agent (ours)": {"mean": 9.454878995418548, "std": 0.8132876868609983}, "Random": {"mean": 0.9363598442077636, "std": 0.2310437827414255}, "Degree": {"mean": 0.9498641157150268, "std": 0.224528196921544}, "Roam": {"mean": 0.9400731682777405, "std": 0.23281059669432042}}}}