{"goal": {"0.5": {"DRL-Agent (ours)": {"mean": 0.81, "ci": 0.07689097736405746}, "Random": {"mean": 0.86, "ci": 0.06800945816575808}, "Degree": {"mean": 0.71, "ci": 0.08893736222758128}, "Roam": {"mean": 0.52, "ci": 0.09792156861488688}}, "1": {"DRL-Agent (ours)": {"mean": 0.94, "ci": 0.04654742098118865}, "Random": {"mean": 0.94, "ci": 0.04654742098118865}, "Degree": {"mean": 0.88, "ci": 0.06369246109234593}, "Roam": {"mean": 0.58, "ci": 0.09673746740534404}}, "2": {"DRL-Agent (ours)": {"mean": 0.95, "ci": 0.04271720964669862}, "Random": {"mean": 0.94, "ci": 0.04654742098118865}, "Degree": {"mean": 0.98, "ci": 0.02744000000000001}, "Roam": {"mean": 0.54, "ci": 0.09768589662791656}}}, "nmi": {"0.5": {"DRL-Agent (ours)": {"mean": 0.7107037868063646, "std": 0.04174579594281382}, "Random": {"mean": 0.7173252253719425, "std": 0.03521347911945569}, "Degree": {"mean": 0.7102416964469078, "std": 0.038802952530217434}, "Roam": {"mean": 0.7145382592569853, "std": 0.038139178130128286}}, "1": {"DRL-Agent (ours)": {"mean": 0.7108712453362818, "std": 0.0385512586474054}, "Random": {"mean": 0.7130988882166535, "std": 0.035571444117765395}, "Degree": {"mean": 0.7128630036558358, "std": 0.03168041545156949}, "Roam": {"mean": 0.7166832617300497, "std": 0.03758339616808847}}, "2": {"DRL-Agent (ours)": {"mean": 0.7139855356555946, "std": 0.03497613697273564}, "Random": {"mean": 0.7120682401205469, "std": 0.03615954256641722}, "Degree": {"mean": 0.7102942583969966, "std": 0.03867136567322656}, "Roam": {"mean": 0.7169480098112603, "std": 0.034397029774431966}}}, "steps": {"0.5": {"DRL-Agent (ours)": {"mean": 1.32, "std": 0.46647615158762407}, "Random": {"mean": 1.22, "std": 0.41424630354415964}, "Degree": {"mean": 1.49, "std": 0.49989998999799945}, "Roam": {"mean": 2, "std": 0.0}}, "1": {"DRL-Agent (ours)": {"mean": 1.44, "std": 0.8754427451295714}, "Random": {"mean": 1.62, "std": 1.0274239631233058}, "Degree": {"mean": 1.9, "std": 1.1789826122551597}, "Roam": {"mean": 4, "std": 0.0}}, "2": {"DRL-Agent (ours)": {"mean": 1.89, "std": 1.8968131167829896}, "Random": {"mean": 2.08, "std": 2.008382433701311}, "Degree": {"mean": 2.23, "std": 1.8047437491234042}, "Roam": {"mean": 8, "std": 0.0}}}, "time": {"0.5": {"DRL-Agent (ours)": {"mean": 0.24134520053863526, "std": 0.16609518327232728}, "Random": {"mean": 0.03725821256637573, "std": 0.063746078788603}, "Degree": {"mean": 0.04184455394744873, "std": 0.06228773402231438}, "Roam": {"mean": 0.0267110276222229, "std": 0.00166285135712131}}, "1": {"DRL-Agent (ours)": {"mean": 0.2706648826599121, "std": 0.21934063784155614}, "Random": {"mean": 0.04280821561813355, "std": 0.06413230002085064}, "Degree": {"mean": 0.04769472599029541, "std": 0.06440896666777125}, "Roam": {"mean": 0.02655491590499878, "std": 0.002013733729027745}}, "2": {"DRL-Agent (ours)": {"mean": 0.3584060072898865, "std": 0.4123351386379245}, "Random": {"mean": 0.044968197345733645, "std": 0.03267912087031815}, "Degree": {"mean": 0.047913613319396975, "std": 0.030517453353534015}, "Roam": {"mean": 0.02694321870803833, "std": 0.0034106402513725893}}}}