{"goal": {"1": {"DRL-Agent (ours)": {"mean": 0.21333333333333335, "ci": 0.04635751822839847}, "Random": {"mean": 0.16333333333333333, "ci": 0.04183204442458844}, "Degree": {"mean": 0.24333333333333335, "ci": 0.04855663116021981}, "Roam": {"mean": 0.47, "ci": 0.05647838996760915}}, "3": {"DRL-Agent (ours)": {"mean": 0.52, "ci": 0.05653504399927535}, "Random": {"mean": 0.41333333333333333, "ci": 0.05572388223959142}, "Degree": {"mean": 0.2, "ci": 0.045264261104466665}, "Roam": {"mean": 0.27, "ci": 0.05023874202246709}}, "5": {"DRL-Agent (ours)": {"mean": 0.5466666666666666, "ci": 0.05633334858645421}, "Random": {"mean": 0.4066666666666667, "ci": 0.05558583139480646}, "Degree": {"mean": 0.21666666666666667, "ci": 0.04661919808007887}, "Roam": {"mean": 0.37666666666666665, "ci": 0.054832016059827536}}, "10": {"DRL-Agent (ours)": {"mean": 0.7, "ci": 0.05185672569686598}, "Random": {"mean": 0.4533333333333333, "ci": 0.05633334858645421}, "Degree": {"mean": 0, "ci": 0.0}, "Roam": {"mean": 0.37, "ci": 0.05463445066988411}}}, "nmi": {"1": {"DRL-Agent (ours)": {"mean": 0.8912181608515436, "std": 0.0919357412794882}, "Random": {"mean": 0.8901503416297017, "std": 0.0898278394960182}, "Degree": {"mean": 0.9069971106160468, "std": 0.09877668827061344}, "Roam": {"mean": 0.7562832677336716, "std": 0.11418760838163235}}, "3": {"DRL-Agent (ours)": {"mean": 0.7226497462402346, "std": 0.11315837106075813}, "Random": {"mean": 0.7379984140109699, "std": 0.10792436244111664}, "Degree": {"mean": 0.9102702887872368, "std": 0.09567515607324535}, "Roam": {"mean": 0.9417069247734241, "std": 0.0861286095881213}}, "5": {"DRL-Agent (ours)": {"mean": 0.7887217027438229, "std": 0.08645884923387871}, "Random": {"mean": 0.7924665977950943, "std": 0.07502002218920859}, "Degree": {"mean": 0.9054169220313748, "std": 0.10072995447568997}, "Roam": {"mean": 0.8513668653840312, "std": 0.09836240483573935}}, "10": {"DRL-Agent (ours)": {"mean": 0.7766495917492451, "std": 0.09666297831994955}, "Random": {"mean": 0.7692730020955971, "std": 0.09808345982580612}, "Degree": {"mean": 1.0, "std": 0.0}, "Roam": {"mean": 0.8279973436557355, "std": 0.11253353244832273}}}, "steps": {"1": {"DRL-Agent (ours)": {"mean": 1, "std": 0.0}, "Random": {"mean": 1, "std": 0.0}, "Degree": {"mean": 1, "std": 0.0}, "Roam": {"mean": 1, "std": 0.0}}, "3": {"DRL-Agent (ours)": {"mean": 3, "std": 0.0}, "Random": {"mean": 3, "std": 0.0}, "Degree": {"mean": 3, "std": 0.0}, "Roam": {"mean": 3, "std": 0.0}}, "5": {"DRL-Agent (ours)": {"mean": 5, "std": 0.0}, "Random": {"mean": 5, "std": 0.0}, "Degree": {"mean": 5, "std": 0.0}, "Roam": {"mean": 5, "std": 0.0}}, "10": {"DRL-Agent (ours)": {"mean": 10, "std": 0.0}, "Random": {"mean": 10, "std": 0.0}, "Degree": {"mean": 10, "std": 0.0}, "Roam": {"mean": 10, "std": 0.0}}}, "time": {"1": {"DRL-Agent (ours)": {"mean": 0.19648890336354574, "std": 0.0926963705545235}, "Random": {"mean": 0.032180600961049396, "std": 0.027887260617371467}, "Degree": {"mean": 0.03480347474416097, "std": 0.026877997530891026}, "Roam": {"mean": 0.033370753129323326, "std": 0.023139535324157363}}, "3": {"DRL-Agent (ours)": {"mean": 0.4659495536486308, "std": 0.15792845172851966}, "Random": {"mean": 0.030945064226786296, "std": 0.030465926329885127}, "Degree": {"mean": 0.0347317639986674, "std": 0.03379537590240941}, "Roam": {"mean": 0.03405442476272583, "std": 0.03405792286290254}}, "5": {"DRL-Agent (ours)": {"mean": 0.7608428947130839, "std": 0.18577612589785417}, "Random": {"mean": 0.028632187048594156, "std": 0.014069428752639283}, "Degree": {"mean": 0.03262801249821981, "std": 0.02222697976985227}, "Roam": {"mean": 0.031303540865580244, "std": 0.02243352484203095}}, "10": {"DRL-Agent (ours)": {"mean": 1.5002409251530966, "std": 0.34579278084710124}, "Random": {"mean": 0.02985095183054606, "std": 0.023759602735238725}, "Degree": {"mean": 0.03144017299016317, "std": 0.016651451809774214}, "Roam": {"mean": 0.03134814977645874, "std": 0.025492231745348447}}}}