{"goal": {"1": {"DRL-Agent (ours)": {"mean": 0.3333333333333333, "ci": 0.0533444432872781}, "Random": {"mean": 0.33666666666666667, "ci": 0.05347630780351516}, "Degree": {"mean": 0.21, "ci": 0.046091265983915}, "Roam": {"mean": 0.5166666666666667, "ci": 0.05654888412954137}}, "3": {"DRL-Agent (ours)": {"mean": 0.38, "ci": 0.05492664684225074}, "Random": {"mean": 0.41, "ci": 0.055656177854155005}, "Degree": {"mean": 0.19666666666666666, "ci": 0.044978888216419766}, "Roam": {"mean": 0.42333333333333334, "ci": 0.05591123706044814}}, "5": {"DRL-Agent (ours)": {"mean": 0.44333333333333336, "ci": 0.05621578057080757}, "Random": {"mean": 0.45, "ci": 0.05629671393607268}, "Degree": {"mean": 0.23, "ci": 0.04762168133669089}, "Roam": {"mean": 0.44666666666666666, "ci": 0.05625752637713529}}, "10": {"DRL-Agent (ours)": {"mean": 0.4633333333333333, "ci": 0.0564279830764318}, "Random": {"mean": 0.47, "ci": 0.05647838996760915}, "Degree": {"mean": 0, "ci": 0.0}, "Roam": {"mean": 0.3933333333333333, "ci": 0.05527781739808742}}}, "nmi": {"1": {"DRL-Agent (ours)": {"mean": 0.9878796678471697, "std": 0.018201849469617542}, "Random": {"mean": 0.9883629643196795, "std": 0.01826300814314131}, "Degree": {"mean": 0.9911106164652944, "std": 0.017629844946279644}, "Roam": {"mean": 0.9897815414843124, "std": 0.01929637489570725}}, "3": {"DRL-Agent (ours)": {"mean": 0.9770475034559377, "std": 0.021866478569220617}, "Random": {"mean": 0.977294085863782, "std": 0.0224412353321361}, "Degree": {"mean": 0.9921128288700706, "std": 0.01540728389898055}, "Roam": {"mean": 0.9929151841067534, "std": 0.015077970969133}}, "5": {"DRL-Agent (ours)": {"mean": 0.9689420624836748, "std": 0.02277126115060016}, "Random": {"mean": 0.9703570114590448, "std": 0.023710212239684877}, "Degree": {"mean": 0.9907711748857435, "std": 0.016703329057718937}, "Roam": {"mean": 0.9910805916075626, "std": 0.017083221478607722}}, "10": {"DRL-Agent (ours)": {"mean": 0.9571679428108564, "std": 0.021855542858301307}, "Random": {"mean": 0.9569966240472652, "std": 0.021799007789109863}, "Degree": {"mean": 1.0, "std": 0.0}, "Roam": {"mean": 0.9915369507276, "std": 0.015988265731423285}}}, "steps": {"1": {"DRL-Agent (ours)": {"mean": 1, "std": 0.0}, "Random": {"mean": 1, "std": 0.0}, "Degree": {"mean": 1, "std": 0.0}, "Roam": {"mean": 1, "std": 0.0}}, "3": {"DRL-Agent (ours)": {"mean": 3, "std": 0.0}, "Random": {"mean": 3, "std": 0.0}, "Degree": {"mean": 3, "std": 0.0}, "Roam": {"mean": 3, "std": 0.0}}, "5": {"DRL-Agent (ours)": {"mean": 5, "std": 0.0}, "Random": {"mean": 5, "std": 0.0}, "Degree": {"mean": 5, "std": 0.0}, "Roam": {"mean": 5, "std": 0.0}}, "10": {"DRL-Agent (ours)": {"mean": 10, "std": 0.0}, "Random": {"mean": 10, "std": 0.0}, "Degree": {"mean": 10, "std": 0.0}, "Roam": {"mean": 10, "std": 0.0}}}, "time": {"1": {"DRL-Agent (ours)": {"mean": 1.810311926205953, "std": 0.32567307917346966}, "Random": {"mean": 0.8852250289916992, "std": 0.1181832254065458}, "Degree": {"mean": 0.9009706385930379, "std": 0.13479941823764618}, "Roam": {"mean": 0.8885376326243083, "std": 0.13472362262198248}}, "3": {"DRL-Agent (ours)": {"mean": 3.545241691271464, "std": 0.5815841095103452}, "Random": {"mean": 0.9411197908719381, "std": 0.21583287431747544}, "Degree": {"mean": 0.9268516794840495, "std": 0.1609433148489904}, "Roam": {"mean": 0.9019099919001261, "std": 0.14906568157742903}}, "5": {"DRL-Agent (ours)": {"mean": 5.10685973405838, "std": 0.6423297073413553}, "Random": {"mean": 0.9066262817382813, "std": 0.16947059580172363}, "Degree": {"mean": 0.9052196415265401, "std": 0.14182631816326222}, "Roam": {"mean": 0.9077680190404256, "std": 0.17313230063433646}}, "10": {"DRL-Agent (ours)": {"mean": 9.23156266927719, "std": 0.8207989748419541}, "Random": {"mean": 0.9102793192863464, "std": 0.17871732601077356}, "Degree": {"mean": 0.9001241993904113, "std": 0.11743772628938912}, "Roam": {"mean": 0.9390194702148438, "std": 0.2239069654778629}}}}