{
    "Agent": {
        "goal": [
            1,
            1,
            1,
            1,
            1,
            1,
            1,
            1,
            1,
            1,
            1,
            1,
            1,
            1,
            1,
            1,
            1,
            1,
            1,
            1,
            1,
            1,
            1,
            1,
            1,
            1,
            1,
            1,
            1,
            1,
            1,
            1,
            1,
            1,
            1,
            1,
            1,
            1,
            1,
            1,
            1,
            1,
            1,
            1,
            1,
            1,
            1,
            1,
            1,
            1,
            1,
            1,
            1,
            1,
            1,
            1,
            1,
            1,
            1,
            1,
            1,
            1,
            1,
            1,
            1,
            1,
            1,
            1,
            1,
            1,
            1,
            1,
            1,
            1,
            1,
            1,
            1,
            1,
            1,
            1,
            1,
            1,
            1,
            1,
            1,
            1,
            1,
            1,
            1,
            1,
            1,
            1,
            1,
            1,
            1,
            1,
            1,
            1,
            1,
            1
        ],
        "nmi": [
            0.7244840116736351,
            0.7205840572071389,
            0.7096519936066691,
            0.7109227590925354,
            0.7233513302109456,
            0.7090687022312687,
            0.7101231478185567,
            0.7241112767975428,
            0.699722633453627,
            0.7223982326648987,
            0.7101231478185567,
            0.700694341721499,
            0.7094721577827942,
            0.7216326103218197,
            0.7278736100844757,
            0.7090244408543008,
            0.7235559170209781,
            0.7246039851856061,
            0.7100299170099822,
            0.7208872582287602,
            0.7233128305472366,
            0.7010196696296497,
            0.7235369487961307,
            0.7101231478185567,
            0.6905744323336334,
            0.7154946027024758,
            0.7110751490329994,
            0.7239966208952427,
            0.7133906558961629,
            0.7155544110289913,
            0.7222624044663135,
            0.7014960540979118,
            0.7230385155004687,
            0.7101309293498809,
            0.7101231478185567,
            0.709400640595192,
            0.8248137725668793,
            0.7101231478185567,
            0.7228338904457194,
            0.779888758380899,
            0.7091331190979352,
            0.7232108199842763,
            0.7115984879653156,
            0.6155226206155753,
            0.7257130853422146,
            0.7101231478185567,
            0.726304643081543,
            0.7096519936066691,
            0.7228448685656746,
            0.7101231478185567,
            0.7091331190979352,
            0.7199095976144894,
            0.7084349913378187,
            0.7268955073677636,
            0.7093149034951068,
            0.723049638922215,
            0.722978735336384,
            0.7289213491167281,
            0.7239774276838327,
            0.7231836480663096,
            0.6940124999578797,
            0.6945168716216428,
            0.7262715538761443,
            0.721173643678823,
            0.7262979878631659,
            0.7289213491167281,
            0.7890683434570643,
            0.7923670063611266,
            0.7099393300557207,
            0.721173643678823,
            0.7101231478185567,
            0.7246983524335615,
            0.7230385155004687,
            0.7219829005793077,
            0.7239774276838327,
            0.7100146202643203,
            0.7212497704874301,
            0.7084349913378187,
            0.7220385804805475,
            0.7235369487961307,
            0.7114467996522438,
            0.7058195305941031,
            0.6932805191126593,
            0.7101231478185567,
            0.7093640779718907,
            0.7090687022312687,
            0.6933886501107573,
            0.7035512456663742,
            0.7099783719962013,
            0.7100299170099822,
            0.7101231478185567,
            0.7093640779718907,
            0.7222435070362571,
            0.7093954749004643,
            0.7103492745147394,
            0.7194561880585914,
            0.7126932153383888,
            0.696147057061264,
            0.7892858990589559,
            0.7101231478185567
        ],
        "time": [
            184.68372750282288,
            223.72971963882446,
            211.43683886528015,
            198.30990719795227,
            203.21003556251526,
            209.4747998714447,
            223.72067046165466,
            215.26556301116943,
            239.24654603004456,
            224.18813037872314,
            198.24515056610107,
            199.29360914230347,
            200.29851460456848,
            199.42696475982666,
            212.3876883983612,
            197.3819284439087,
            222.74319052696228,
            213.5886151790619,
            210.84714651107788,
            211.94835329055786,
            211.34273505210876,
            214.25267624855042,
            199.4492883682251,
            210.70585322380066,
            220.1573691368103,
            214.0507652759552,
            202.52508521080017,
            235.90566754341125,
            201.0590739250183,
            200.68721628189087,
            213.35651969909668,
            222.5266878604889,
            238.10856866836548,
            213.83846163749695,
            200.66581416130066,
            211.91467761993408,
            199.81474494934082,
            224.90824103355408,
            200.76760745048523,
            211.15823197364807,
            210.7945876121521,
            222.51853799819946,
            200.50035190582275,
            224.59863805770874,
            197.59891390800476,
            221.9536325931549,
            215.02252221107483,
            201.12485599517822,
            215.27797722816467,
            200.76720809936523,
            223.96872735023499,
            224.66915774345398,
            199.84628987312317,
            202.1480622291565,
            198.89088678359985,
            202.070636510849,
            226.12271666526794,
            199.70970606803894,
            198.14595699310303,
            201.23794865608215,
            200.50625276565552,
            199.43996691703796,
            199.72910141944885,
            222.18204593658447,
            214.0476837158203,
            213.41403150558472,
            202.16042566299438,
            216.03435564041138,
            227.04702734947205,
            200.2986204624176,
            213.71585702896118,
            211.04364109039307,
            219.6783266067505,
            225.94477558135986,
            199.2637701034546,
            236.4592366218567,
            213.40055418014526,
            227.13501739501953,
            211.27498745918274,
            223.6899003982544,
            201.44748187065125,
            212.53140258789062,
            199.6941146850586,
            197.87457847595215,
            224.15600442886353,
            206.33033084869385,
            212.19687938690186,
            210.97307991981506,
            197.68972730636597,
            213.91343212127686,
            199.7935061454773,
            199.04798412322998,
            212.37071585655212,
            227.18901920318604,
            204.65813779830933,
            199.52143096923828,
            199.44500207901,
            212.79978942871094,
            204.4434735774994,
            202.41169452667236
        ],