{"goal": {"1": {"DRL-Agent (ours)": {"mean": 0.22666666666666666, "ci": 0.04737755430424677}, "Random": {"mean": 0.22, "ci": 0.04687638211295748}, "Degree": {"mean": 0.10333333333333333, "ci": 0.03444539554242445}, "Roam": {"mean": 0.41, "ci": 0.055656177854155005}}, "3": {"DRL-Agent (ours)": {"mean": 0.48, "ci": 0.05653504399927535}, "Random": {"mean": 0.4166666666666667, "ci": 0.055788954170224475}, "Degree": {"mean": 0.08666666666666667, "ci": 0.03183729376178311}, "Roam": {"mean": 0.3433333333333333, "ci": 0.053731122645453266}}, "5": {"DRL-Agent (ours)": {"mean": 0.5833333333333334, "ci": 0.055788954170224475}, "Random": {"mean": 0.5133333333333333, "ci": 0.05656020535349593}, "Degree": {"mean": 0.09333333333333334, "ci": 0.03291831956468864}, "Roam": {"mean": 0.38, "ci": 0.05492664684225074}}, "10": {"DRL-Agent (ours)": {"mean": 0.8666666666666667, "ci": 0.038467225106672394}, "Random": {"mean": 0.7466666666666667, "ci": 0.04921585050307208}, "Degree": {"mean": 0, "ci": 0.0}, "Roam": {"mean": 0.4666666666666667, "ci": 0.056454452306130685}}}, "nmi": {"1": {"DRL-Agent (ours)": {"mean": 0.982128726785329, "std": 0.02131025142311571}, "Random": {"mean": 0.982520215140803, "std": 0.022012223263602096}, "Degree": {"mean": 0.9903112893069972, "std": 0.018009432365187355}, "Roam": {"mean": 0.9882854412062051, "std": 0.017303787882403308}}, "3": {"DRL-Agent (ours)": {"mean": 0.9612644998415117, "std": 0.027497926637303813}, "Random": {"mean": 0.9607164725214763, "std": 0.03018275392547835}, "Degree": {"mean": 0.9920438633266127, "std": 0.01455963734006729}, "Roam": {"mean": 0.9923924265448987, "std": 0.01467679814579982}}, "5": {"DRL-Agent (ours)": {"mean": 0.9453999946599025, "std": 0.03504508444953193}, "Random": {"mean": 0.9488063092222173, "std": 0.03146865675712845}, "Degree": {"mean": 0.9915731269370122, "std": 0.016061484265141233}, "Roam": {"mean": 0.9850437403864802, "std": 0.0223640751288403}}, "10": {"DRL-Agent (ours)": {"mean": 0.9200530038411053, "std": 0.033905708078707686}, "Random": {"mean": 0.9235048491239283, "std": 0.03810273485982225}, "Degree": {"mean": 1.0, "std": 0.0}, "Roam": {"mean": 0.9795634252150619, "std": 0.029498383782877856}}}, "steps": {"1": {"DRL-Agent (ours)": {"mean": 1, "std": 0.0}, "Random": {"mean": 1, "std": 0.0}, "Degree": {"mean": 1, "std": 0.0}, "Roam": {"mean": 1, "std": 0.0}}, "3": {"DRL-Agent (ours)": {"mean": 3, "std": 0.0}, "Random": {"mean": 3, "std": 0.0}, "Degree": {"mean": 3, "std": 0.0}, "Roam": {"mean": 3, "std": 0.0}}, "5": {"DRL-Agent (ours)": {"mean": 5, "std": 0.0}, "Random": {"mean": 5, "std": 0.0}, "Degree": {"mean": 5, "std": 0.0}, "Roam": {"mean": 5, "std": 0.0}}, "10": {"DRL-Agent (ours)": {"mean": 10, "std": 0.0}, "Random": {"mean": 10, "std": 0.0}, "Degree": {"mean": 10, "std": 0.0}, "Roam": {"mean": 10, "std": 0.0}}}, "time": {"1": {"DRL-Agent (ours)": {"mean": 0.20865966240564982, "std": 0.0654625022018773}, "Random": {"mean": 0.08136340856552124, "std": 0.03208125504411115}, "Degree": {"mean": 0.08619986375172933, "std": 0.04254358092699701}, "Roam": {"mean": 0.0805802583694458, "std": 0.027848930148720193}}, "3": {"DRL-Agent (ours)": {"mean": 0.456763064066569, "std": 0.11518507235543873}, "Random": {"mean": 0.07798088947931925, "std": 0.01216864432556569}, "Degree": {"mean": 0.07973558425903321, "std": 0.017100144313286526}, "Roam": {"mean": 0.08010550260543824, "std": 0.02397259798422593}}, "5": {"DRL-Agent (ours)": {"mean": 0.7123664331436157, "std": 0.1558773415379286}, "Random": {"mean": 0.07935947259267172, "std": 0.021363457984805302}, "Degree": {"mean": 0.083452574412028, "std": 0.032722551576887}, "Roam": {"mean": 0.07870431423187256, "std": 0.0176792560021896}}, "10": {"DRL-Agent (ours)": {"mean": 1.3055088726679485, "std": 0.18149736978446077}, "Random": {"mean": 0.07953049421310425, "std": 0.02113590953855269}, "Degree": {"mean": 0.08047887404759725, "std": 0.01767150618208326}, "Roam": {"mean": 0.07952163298924764, "std": 0.021522416236632844}}}}