{"goal": {"1": {"DRL-Agent (ours)": {"mean": 0.36, "ci": 0.054317113325359996}, "Random": {"mean": 0.32666666666666666, "ci": 0.053071689321213505}, "Degree": {"mean": 0.24, "ci": 0.04832900578327678}, "Roam": {"mean": 0.5666666666666667, "ci": 0.05607513478129804}}, "3": {"DRL-Agent (ours)": {"mean": 0.44333333333333336, "ci": 0.05621578057080757}, "Random": {"mean": 0.4066666666666667, "ci": 0.05558583139480646}, "Degree": {"mean": 0.27666666666666667, "ci": 0.05062244327334431}, "Roam": {"mean": 0.43666666666666665, "ci": 0.056124591032082526}}, "5": {"DRL-Agent (ours)": {"mean": 0.4533333333333333, "ci": 0.05633334858645421}, "Random": {"mean": 0.43666666666666665, "ci": 0.056124591032082526}, "Degree": {"mean": 0.25333333333333335, "ci": 0.04921585050307208}, "Roam": {"mean": 0.45666666666666667, "ci": 0.056367435305883506}}, "10": {"DRL-Agent (ours)": {"mean": 0.5233333333333333, "ci": 0.0565186831122306}, "Random": {"mean": 0.4633333333333333, "ci": 0.0564279830764318}, "Degree": {"mean": 0, "ci": 0.0}, "Roam": {"mean": 0.44666666666666666, "ci": 0.05625752637713529}}}, "nmi": {"1": {"DRL-Agent (ours)": {"mean": 0.9876498749391309, "std": 0.018797288554800163}, "Random": {"mean": 0.9870252351686303, "std": 0.019801389914281802}, "Degree": {"mean": 0.9907919056024846, "std": 0.01703044868212447}, "Roam": {"mean": 0.9899180411722206, "std": 0.01855725581780379}}, "3": {"DRL-Agent (ours)": {"mean": 0.9764051684893365, "std": 0.022952850047418476}, "Random": {"mean": 0.9759438466656325, "std": 0.022144000010224135}, "Degree": {"mean": 0.9899096087557147, "std": 0.018251101322020336}, "Roam": {"mean": 0.9926825502304912, "std": 0.015459714052774812}}, "5": {"DRL-Agent (ours)": {"mean": 0.9729969735218785, "std": 0.02138489757779278}, "Random": {"mean": 0.9702184449526133, "std": 0.02299074449304144}, "Degree": {"mean": 0.9905818337078167, "std": 0.017705890943820326}, "Roam": {"mean": 0.9905968147811822, "std": 0.01670578496986736}}, "10": {"DRL-Agent (ours)": {"mean": 0.9579869167203973, "std": 0.021493842187535528}, "Random": {"mean": 0.9563822200153067, "std": 0.02214085131609686}, "Degree": {"mean": 1.0, "std": 0.0}, "Roam": {"mean": 0.990381773879067, "std": 0.017648915883229768}}}, "steps": {"1": {"DRL-Agent (ours)": {"mean": 1, "std": 0.0}, "Random": {"mean": 1, "std": 0.0}, "Degree": {"mean": 1, "std": 0.0}, "Roam": {"mean": 1, "std": 0.0}}, "3": {"DRL-Agent (ours)": {"mean": 3, "std": 0.0}, "Random": {"mean": 3, "std": 0.0}, "Degree": {"mean": 3, "std": 0.0}, "Roam": {"mean": 3, "std": 0.0}}, "5": {"DRL-Agent (ours)": {"mean": 5, "std": 0.0}, "Random": {"mean": 5, "std": 0.0}, "Degree": {"mean": 5, "std": 0.0}, "Roam": {"mean": 5, "std": 0.0}}, "10": {"DRL-Agent (ours)": {"mean": 10, "std": 0.0}, "Random": {"mean": 10, "std": 0.0}, "Degree": {"mean": 10, "std": 0.0}, "Roam": {"mean": 10, "std": 0.0}}}, "time": {"1": {"DRL-Agent (ours)": {"mean": 1.7925963576634725, "std": 0.2981106086641773}, "Random": {"mean": 0.88353409131368, "std": 0.12314805554754309}, "Degree": {"mean": 0.9023054575920105, "std": 0.13888792874929975}, "Roam": {"mean": 0.8947267683347067, "std": 0.1451549270498819}}, "3": {"DRL-Agent (ours)": {"mean": 3.4427707346280414, "std": 0.46771366305200646}, "Random": {"mean": 0.9119971068700155, "std": 0.1759833569184225}, "Degree": {"mean": 0.9138208556175232, "std": 0.15338447679679199}, "Roam": {"mean": 0.9036083324750265, "std": 0.16189506555664512}}, "5": {"DRL-Agent (ours)": {"mean": 5.107565009593964, "std": 0.6343458664525778}, "Random": {"mean": 0.9234902517000834, "std": 0.19212521539174}, "Degree": {"mean": 0.9196827920277914, "std": 0.17036178985370123}, "Roam": {"mean": 0.9062715776761373, "std": 0.15777624292859246}}, "10": {"DRL-Agent (ours)": {"mean": 9.348575932979584, "std": 0.8650067727616516}, "Random": {"mean": 0.9302773133913675, "std": 0.2142421907447205}, "Degree": {"mean": 0.9150107351938883, "std": 0.15719663339330298}, "Roam": {"mean": 0.92830757300059, "std": 0.20700867846026136}}}}