{
    "Agent": {
        "goal": [
            1,
            1,
            1,
            1,
            1,
            1,
            1,
            1,
            1,
            1,
            1,
            1,
            1,
            1,
            1,
            1,
            1,
            1,
            1,
            1,
            1,
            1,
            1,
            1,
            1,
            1,
            1,
            1,
            1,
            1
        ],
        "nmi": [
            0.6643532524185751,
            0.6443161684445601,
            0.6510619947133544,
            0.6694560942821665,
            0.6743033435281592,
            0.6314645236713111,
            0.640338438231132,
            0.6866576191078165,
            0.6686579562400847,
            0.6587921095827489,
            0.6557936252221155,
            0.6720738069319871,
            0.6398244483235265,
            0.6703341591183459,
            0.6449380638387588,
            0.6292383608663091,
            0.6436794004191194,
            0.6624636163041363,
            0.6585776295075518,
            0.6441974850878341,
            0.6598302110684705,
            0.6280509757936129,
            0.6466584029863304,
            0.6458399961495298,
            0.6728931051413369,
            0.6363314540141578,
            0.6570259607145073,
            0.6561961855421887,
            0.6283931438640906,
            0.6604698122812129
        ],
        "time": [
            248.418062210083,
            248.10882544517517,
            248.2643265724182,
            249.3890278339386,
            247.8454566001892,
            249.05000519752502,
            260.7612495422363,
            261.69499921798706,
            248.0274531841278,
            248.102068901062,
            553.3727502822876,
            575.3223354816437,
            575.4066255092621,
            562.5281884670258,
            575.7650575637817,
            554.2718436717987,
            591.8956792354584,
            566.4255428314209,
            571.1760468482971,
            554.7648024559021,
            1055.0510263442993,
            1075.3815488815308,
            1100.148452758789,
            1071.8322389125824,
            1078.911427974701,
            1074.7058265209198,
            1048.4284856319427,
            1058.6608901023865,
            1096.8236520290375,
            1060.043431520462
        ],
        "deception_score": [
            0.38442957870238814,
            0.41281454069464235,
            0.3340537878623878,
            0.4230742725796036,
            0.33027745919860996,
            0.3746155790311266,
            0.4137950517851677,
            0.43679359142392526,
            0.3206291284127568,
            0.4370194199585789,
            0.4397843148969585,
            0.39208593956734217,
            0.43081311940715356,
            0.41739117048360164,
            0.43452013512960813,
            0.39727946910582995,
            0.4628134440110498,
            0.3942789539855884,
            0.42567280206351055,
            0.44863630626209383,
            0.48204088760560065,
            0.4711337074745963,
            0.4581962193405031,
            0.47013424878723187,
            0.459521575159472,
            0.4799307804817752,
            0.49039624014690786,
            0.45504488709886814,
            0.47283768055733905,
            0.46168904472860917
        ],
        "steps": [
            18,
            18,
            18,
            18,
            18,
            18,
            18,
            18,
            18,
            18,
            40,
            40,
            40,
            40,
            40,
            40,
            40,
            40,
            40,
            40,
            74,
            74,
            74,
            74,
            74,
            74,
            74,
            74,
            74,
            74
        ],
        "community_len": [
            180,
            180,
            180,
            180,
            180,
            180,
            180,
            180,
            180,
            180,
            399,
            399,
            399,
            399,
            399,
            399,
            399,
            399,
            399,
            399,
            735,
            735,
            735,
            735,
            735,
            735,
            735,
            735,
            735,
            735
        ],
        "lr": 0.0001,
        "gamma": 0.7,
        "lambda_metric": 0.1,
        "alpha_metric": 0.7,
        "epsilon_prob": 25
    },
    "Safeness": {
        "goal": [
            1,
            1,
            1
        ],
        "nmi": [
            0.6694822761381022,
            0.655581405083073,
            0.6303196212690115
        ],
        "time": [
            378.9563875198364,
            1038.9877364635468,
            4778.358003139496
        ],
        "deception_score": [
            0.4373722856312207,
            0.3921664521888524,
            0.47559394007647404
        ],
        "steps": [
            18,
            40,
            74
        ],
        "community_len": [
            180,
            399,
            735
        ]
    },
    "Modularity": {
        "goal": [
            1,
            1,
            1
        ],
        "nmi": [
            0.6750867023492779,
            0.649243131884599,
            0.6646600905782113
        ],
        "time": [
            112.90707874298096,
            244.19386649131775,
            452.2167046070099
        ],
        "deception_score": [
            0.34025250266154816,
            0.40548909461144755,
            0.49434039625980464
        ],
        "steps": [
            18,
            40,
            74
        ],
        "community_len": [
            180,
            399,
            735
        ]
    },
    "env": {
        "dataset": "astr",
        "detection_alg": "louvain",
        "beta": 10,
        "tau": 0.3,
        "edge_budget": null,
        "max_steps": null
    }
}