{"goal": {"1": {"DRL-Agent (ours)": {"mean": 0.5433333333333333, "ci": 0.056367435305883506}, "Random": {"mean": 0.5633333333333334, "ci": 0.056124591032082526}, "Degree": {"mean": 0.43333333333333335, "ci": 0.05607513478129804}, "Roam": {"mean": 0.5566666666666666, "ci": 0.05621578057080757}}, "3": {"DRL-Agent (ours)": {"mean": 0.6566666666666666, "ci": 0.053731122645453266}, "Random": {"mean": 0.6066666666666667, "ci": 0.05527781739808742}, "Degree": {"mean": 0.43, "ci": 0.05602309523758929}, "Roam": {"mean": 0.5866666666666667, "ci": 0.05572388223959142}}, "5": {"DRL-Agent (ours)": {"mean": 0.67, "ci": 0.05320957808515305}, "Random": {"mean": 0.68, "ci": 0.05278674581117246}, "Degree": {"mean": 0.41333333333333333, "ci": 0.05572388223959142}, "Roam": {"mean": 0.5933333333333334, "ci": 0.05558583139480647}}, "10": {"DRL-Agent (ours)": {"mean": 0.7466666666666667, "ci": 0.04921585050307208}, "Random": {"mean": 0.7466666666666667, "ci": 0.04921585050307208}, "Degree": {"mean": 0.42333333333333334, "ci": 0.05591123706044814}, "Roam": {"mean": 0.6033333333333334, "ci": 0.05535883696059401}}}, "nmi": {"1": {"DRL-Agent (ours)": {"mean": 0.8872937134248492, "std": 0.009556900322150381}, "Random": {"mean": 0.8859502561469967, "std": 0.009278724163847748}, "Degree": {"mean": 0.8858202611252468, "std": 0.009439833302219171}, "Roam": {"mean": 0.8867472138380705, "std": 0.009809850004364727}}, "3": {"DRL-Agent (ours)": {"mean": 0.8859200120587527, "std": 0.011172775909616491}, "Random": {"mean": 0.8845698475971405, "std": 0.00991639385259813}, "Degree": {"mean": 0.8862041189453823, "std": 0.009600253419876381}, "Roam": {"mean": 0.8856948285219647, "std": 0.009137254956628961}}, "5": {"DRL-Agent (ours)": {"mean": 0.8845448290159672, "std": 0.00989854775918233}, "Random": {"mean": 0.885953184179082, "std": 0.00975624924339134}, "Degree": {"mean": 0.8864659744191877, "std": 0.01008152894007044}, "Roam": {"mean": 0.8865643098750778, "std": 0.008975667191173235}}, "10": {"DRL-Agent (ours)": {"mean": 0.8842905987998725, "std": 0.009663847807394111}, "Random": {"mean": 0.8847250252289593, "std": 0.009706776961061736}, "Degree": {"mean": 0.8861487840165354, "std": 0.009560176008828703}, "Roam": {"mean": 0.8854592914695779, "std": 0.01009298589603431}}}, "steps": {"1": {"DRL-Agent (ours)": {"mean": 1, "std": 0.0}, "Random": {"mean": 1, "std": 0.0}, "Degree": {"mean": 1, "std": 0.0}, "Roam": {"mean": 1, "std": 0.0}}, "3": {"DRL-Agent (ours)": {"mean": 3, "std": 0.0}, "Random": {"mean": 3, "std": 0.0}, "Degree": {"mean": 3, "std": 0.0}, "Roam": {"mean": 3, "std": 0.0}}, "5": {"DRL-Agent (ours)": {"mean": 5, "std": 0.0}, "Random": {"mean": 5, "std": 0.0}, "Degree": {"mean": 5, "std": 0.0}, "Roam": {"mean": 5, "std": 0.0}}, "10": {"DRL-Agent (ours)": {"mean": 10, "std": 0.0}, "Random": {"mean": 10, "std": 0.0}, "Degree": {"mean": 10, "std": 0.0}, "Roam": {"mean": 10, "std": 0.0}}}, "time": {"1": {"DRL-Agent (ours)": {"mean": 1.016221748193105, "std": 0.24712233848012305}, "Random": {"mean": 0.1818182412783305, "std": 0.11545853063477618}, "Degree": {"mean": 0.19158222436904906, "std": 0.117380900312899}, "Roam": {"mean": 0.18332679828008017, "std": 0.12255962117636526}}, "3": {"DRL-Agent (ours)": {"mean": 2.587279549439748, "std": 0.3639339848128847}, "Random": {"mean": 0.16931756178538004, "std": 0.08081929448600221}, "Degree": {"mean": 0.20001476923624675, "std": 0.13656695542881694}, "Roam": {"mean": 0.21116837501525879, "std": 0.1792251539759831}}, "5": {"DRL-Agent (ours)": {"mean": 4.187802929878234, "std": 0.47207814223243555}, "Random": {"mean": 0.188147714138031, "std": 0.13867283221922036}, "Degree": {"mean": 0.20599961439768474, "std": 0.1496734440011308}, "Roam": {"mean": 0.17565165837605795, "std": 0.10916491550528962}}, "10": {"DRL-Agent (ours)": {"mean": 8.165062427520752, "std": 0.40997491405529685}, "Random": {"mean": 0.1960123070081075, "std": 0.1547368177490517}, "Degree": {"mean": 0.1948201036453247, "std": 0.12069118771638004}, "Roam": {"mean": 0.18426713864008584, "std": 0.13497032518678662}}}}