{"goal": {"1": {"DRL-Agent (ours)": {"mean": 0.61, "ci": 0.05519410113408859}, "Random": {"mean": 0.5833333333333334, "ci": 0.055788954170224475}, "Degree": {"mean": 0.55, "ci": 0.05629671393607268}, "Roam": {"mean": 0.6533333333333333, "ci": 0.05385411514934137}}, "3": {"DRL-Agent (ours)": {"mean": 0.7666666666666667, "ci": 0.047861590569598204}, "Random": {"mean": 0.7233333333333334, "ci": 0.05062244327334431}, "Degree": {"mean": 0.57, "ci": 0.05602309523758929}, "Roam": {"mean": 0.5633333333333334, "ci": 0.056124591032082526}}, "5": {"DRL-Agent (ours)": {"mean": 0.87, "ci": 0.038056316164337294}, "Random": {"mean": 0.7033333333333334, "ci": 0.051690462763847846}, "Degree": {"mean": 0.49666666666666665, "ci": 0.05657906902602633}, "Roam": {"mean": 0.61, "ci": 0.05519410113408859}}, "10": {"DRL-Agent (ours)": {"mean": 0.94, "ci": 0.0268741660335721}, "Random": {"mean": 0.8133333333333334, "ci": 0.04409233678274449}, "Degree": {"mean": 0, "ci": 0.0}, "Roam": {"mean": 0.6266666666666667, "ci": 0.054734622261180116}}}, "nmi": {"1": {"DRL-Agent (ours)": {"mean": 0.9321955697201458, "std": 0.04346600272038365}, "Random": {"mean": 0.9333212423411841, "std": 0.04268094000099112}, "Degree": {"mean": 0.9580367341022352, "std": 0.037894928773317224}, "Roam": {"mean": 0.950910929117262, "std": 0.03793151761358711}}, "3": {"DRL-Agent (ours)": {"mean": 0.8989765587637913, "std": 0.044411769872853585}, "Random": {"mean": 0.902340162393945, "std": 0.04669681924333057}, "Degree": {"mean": 0.9521324835808845, "std": 0.03906358979363108}, "Roam": {"mean": 0.946896234661512, "std": 0.03736734665724767}}, "5": {"DRL-Agent (ours)": {"mean": 0.8744353512010052, "std": 0.04399403676338651}, "Random": {"mean": 0.883487485549678, "std": 0.047391831823478524}, "Degree": {"mean": 0.9591974336087102, "std": 0.035316945808461155}, "Roam": {"mean": 0.9225285625412182, "std": 0.04652993538907874}}, "10": {"DRL-Agent (ours)": {"mean": 0.8396346466450304, "std": 0.04407245222005868}, "Random": {"mean": 0.8539958456577369, "std": 0.04585756121014086}, "Degree": {"mean": 1.0, "std": 0.0}, "Roam": {"mean": 0.9151258264155261, "std": 0.04926055219771657}}}, "steps": {"1": {"DRL-Agent (ours)": {"mean": 1, "std": 0.0}, "Random": {"mean": 1, "std": 0.0}, "Degree": {"mean": 1, "std": 0.0}, "Roam": {"mean": 1, "std": 0.0}}, "3": {"DRL-Agent (ours)": {"mean": 3, "std": 0.0}, "Random": {"mean": 3, "std": 0.0}, "Degree": {"mean": 3, "std": 0.0}, "Roam": {"mean": 3, "std": 0.0}}, "5": {"DRL-Agent (ours)": {"mean": 5, "std": 0.0}, "Random": {"mean": 5, "std": 0.0}, "Degree": {"mean": 5, "std": 0.0}, "Roam": {"mean": 5, "std": 0.0}}, "10": {"DRL-Agent (ours)": {"mean": 10, "std": 0.0}, "Random": {"mean": 10, "std": 0.0}, "Degree": {"mean": 10, "std": 0.0}, "Roam": {"mean": 10, "std": 0.0}}}, "time": {"1": {"DRL-Agent (ours)": {"mean": 0.0438922119140625, "std": 0.019996165202963538}, "Random": {"mean": 0.00564816395441691, "std": 0.0013507656075597099}, "Degree": {"mean": 0.006020059585571289, "std": 0.010092758794145036}, "Roam": {"mean": 0.005488177935282389, "std": 0.0014154318742386168}}, "3": {"DRL-Agent (ours)": {"mean": 0.08650447924931844, "std": 0.028738074122368323}, "Random": {"mean": 0.00452420711517334, "std": 0.0008868378364302854}, "Degree": {"mean": 0.004586363633473714, "std": 0.0011674974282966622}, "Roam": {"mean": 0.005263941287994385, "std": 0.013300024186201003}}, "5": {"DRL-Agent (ours)": {"mean": 0.14313319126764934, "std": 0.045144485660286664}, "Random": {"mean": 0.004794607957204183, "std": 0.0009246417973541688}, "Degree": {"mean": 0.004855417410532634, "std": 0.0013011401269122855}, "Roam": {"mean": 0.0047044142087300615, "std": 0.0012081427837089774}}, "10": {"DRL-Agent (ours)": {"mean": 0.30103636026382447, "std": 0.08006354768307}, "Random": {"mean": 0.005066388448079427, "std": 0.0010883290423526226}, "Degree": {"mean": 0.0054025038083394365, "std": 0.001419913916255686}, "Roam": {"mean": 0.004826098283131917, "std": 0.001154361589271079}}}}