{"goal": {"1": {"DRL-Agent (ours)": {"mean": 0.36333333333333334, "ci": 0.05442571233307804}, "Random": {"mean": 0.32, "ci": 0.05278674581117246}, "Degree": {"mean": 0.09, "ci": 0.032384514818042276}, "Roam": {"mean": 0.4066666666666667, "ci": 0.05558583139480646}}, "3": {"DRL-Agent (ours)": {"mean": 0.44333333333333336, "ci": 0.05621578057080757}, "Random": {"mean": 0.4033333333333333, "ci": 0.055512832817353204}, "Degree": {"mean": 0.09666666666666666, "ci": 0.03343935051646432}, "Roam": {"mean": 0.37, "ci": 0.05463445066988411}}, "5": {"DRL-Agent (ours)": {"mean": 0.44333333333333336, "ci": 0.05621578057080757}, "Random": {"mean": 0.42333333333333334, "ci": 0.05591123706044814}, "Degree": {"mean": 0.08333333333333333, "ci": 0.03127595218670704}, "Roam": {"mean": 0.31666666666666665, "ci": 0.052639641448739484}}, "10": {"DRL-Agent (ours)": {"mean": 0.5166666666666667, "ci": 0.05654888412954137}, "Random": {"mean": 0.4766666666666667, "ci": 0.0565186831122306}, "Degree": {"mean": 0.14, "ci": 0.03926527897944103}, "Roam": {"mean": 0.32, "ci": 0.05278674581117246}}}, "nmi": {"1": {"DRL-Agent (ours)": {"mean": 0.8856994940863548, "std": 0.00915286094610988}, "Random": {"mean": 0.8862675590367857, "std": 0.009804687271040117}, "Degree": {"mean": 0.8865824195646926, "std": 0.009575365666829302}, "Roam": {"mean": 0.8864299566928381, "std": 0.009981845662043142}}, "3": {"DRL-Agent (ours)": {"mean": 0.8850662588458521, "std": 0.009779720301570165}, "Random": {"mean": 0.8857994572962591, "std": 0.010451346220619018}, "Degree": {"mean": 0.8859427037020224, "std": 0.009809186881287226}, "Roam": {"mean": 0.8856592325425937, "std": 0.010156400584287304}}, "5": {"DRL-Agent (ours)": {"mean": 0.8844570357411945, "std": 0.009981038716072003}, "Random": {"mean": 0.8854815335759328, "std": 0.010084242972496544}, "Degree": {"mean": 0.8867769167811658, "std": 0.009717061068950896}, "Roam": {"mean": 0.8863655207144644, "std": 0.009657873567192186}}, "10": {"DRL-Agent (ours)": {"mean": 0.8854085766483613, "std": 0.0098985095648624}, "Random": {"mean": 0.8854100849444914, "std": 0.009460131657901178}, "Degree": {"mean": 0.8867708130510799, "std": 0.01001777276874958}, "Roam": {"mean": 0.8859556699655303, "std": 0.009466538216257266}}}, "steps": {"1": {"DRL-Agent (ours)": {"mean": 1, "std": 0.0}, "Random": {"mean": 1, "std": 0.0}, "Degree": {"mean": 1, "std": 0.0}, "Roam": {"mean": 1, "std": 0.0}}, "3": {"DRL-Agent (ours)": {"mean": 3, "std": 0.0}, "Random": {"mean": 3, "std": 0.0}, "Degree": {"mean": 3, "std": 0.0}, "Roam": {"mean": 3, "std": 0.0}}, "5": {"DRL-Agent (ours)": {"mean": 5, "std": 0.0}, "Random": {"mean": 5, "std": 0.0}, "Degree": {"mean": 5, "std": 0.0}, "Roam": {"mean": 5, "std": 0.0}}, "10": {"DRL-Agent (ours)": {"mean": 10, "std": 0.0}, "Random": {"mean": 10, "std": 0.0}, "Degree": {"mean": 10, "std": 0.0}, "Roam": {"mean": 10, "std": 0.0}}}, "time": {"1": {"DRL-Agent (ours)": {"mean": 1.0178393125534058, "std": 0.22810683044849164}, "Random": {"mean": 0.17888011217117308, "std": 0.10920874899507664}, "Degree": {"mean": 0.21005045175552367, "std": 0.1523977542943998}, "Roam": {"mean": 0.1787310743331909, "std": 0.11093858922733423}}, "3": {"DRL-Agent (ours)": {"mean": 2.584954011440277, "std": 0.365124008610369}, "Random": {"mean": 0.18646717230478924, "std": 0.1277176280057687}, "Degree": {"mean": 0.20923833847045897, "std": 0.15382192907861766}, "Roam": {"mean": 0.1707680829366048, "std": 0.09124612529293893}}, "5": {"DRL-Agent (ours)": {"mean": 4.177564769585928, "std": 0.44474511757507074}, "Random": {"mean": 0.22304049730300904, "std": 0.19641025197058862}, "Degree": {"mean": 0.18999097029368084, "std": 0.11557922268918978}, "Roam": {"mean": 0.18246674219767253, "std": 0.12619225041207596}}, "10": {"DRL-Agent (ours)": {"mean": 8.235358492533367, "std": 0.466709314005216}, "Random": {"mean": 0.1847505474090576, "std": 0.1381608132448463}, "Degree": {"mean": 0.20156704425811767, "std": 0.13547360671646952}, "Roam": {"mean": 0.18326993147532145, "std": 0.1259115983356439}}}}