{"goal": {"1": {"DRL-Agent (ours)": {"mean": 0.4666666666666667, "ci": 0.056454452306130685}, "Random": {"mean": 0.43666666666666665, "ci": 0.056124591032082526}, "Degree": {"mean": 0.31666666666666665, "ci": 0.052639641448739484}, "Roam": {"mean": 0.44666666666666666, "ci": 0.05625752637713529}}, "3": {"DRL-Agent (ours)": {"mean": 0.5966666666666667, "ci": 0.055512832817353204}, "Random": {"mean": 0.45666666666666667, "ci": 0.056367435305883506}, "Degree": {"mean": 0.2966666666666667, "ci": 0.05169046276384785}, "Roam": {"mean": 0.39666666666666667, "ci": 0.05535883696059401}}, "5": {"DRL-Agent (ours)": {"mean": 0.7066666666666667, "ci": 0.0515209017634447}, "Random": {"mean": 0.55, "ci": 0.05629671393607268}, "Degree": {"mean": 0.35333333333333333, "ci": 0.05409137070906214}, "Roam": {"mean": 0.45666666666666667, "ci": 0.056367435305883506}}, "10": {"DRL-Agent (ours)": {"mean": 0.8766666666666667, "ci": 0.03720942214407926}, "Random": {"mean": 0.6433333333333333, "ci": 0.054205671973273}, "Degree": {"mean": 0, "ci": 0.0}, "Roam": {"mean": 0.37333333333333335, "ci": 0.05473462226118012}}}, "nmi": {"1": {"DRL-Agent (ours)": {"mean": 0.9312054035634793, "std": 0.045073236262344746}, "Random": {"mean": 0.9332877920193167, "std": 0.04436938903289214}, "Degree": {"mean": 0.9587975710878855, "std": 0.03714104025160989}, "Roam": {"mean": 0.9486507962929385, "std": 0.04025583046935998}}, "3": {"DRL-Agent (ours)": {"mean": 0.8969891286485351, "std": 0.044312453643084525}, "Random": {"mean": 0.8995293221268742, "std": 0.045921945753700996}, "Degree": {"mean": 0.9601111414750644, "std": 0.03746994128673598}, "Roam": {"mean": 0.9483549688336643, "std": 0.0350677196281602}}, "5": {"DRL-Agent (ours)": {"mean": 0.8782148513296958, "std": 0.045675287113562335}, "Random": {"mean": 0.8848796560790898, "std": 0.04113974234673359}, "Degree": {"mean": 0.9567743813676134, "std": 0.038028091318363724}, "Roam": {"mean": 0.9272622078807073, "std": 0.046157459855668326}}, "10": {"DRL-Agent (ours)": {"mean": 0.8430094201780255, "std": 0.0474544801555792}, "Random": {"mean": 0.8588522606761371, "std": 0.04317364130859272}, "Degree": {"mean": 1.0, "std": 0.0}, "Roam": {"mean": 0.9180404577946429, "std": 0.04777838418582214}}}, "steps": {"1": {"DRL-Agent (ours)": {"mean": 1, "std": 0.0}, "Random": {"mean": 1, "std": 0.0}, "Degree": {"mean": 1, "std": 0.0}, "Roam": {"mean": 1, "std": 0.0}}, "3": {"DRL-Agent (ours)": {"mean": 3, "std": 0.0}, "Random": {"mean": 3, "std": 0.0}, "Degree": {"mean": 3, "std": 0.0}, "Roam": {"mean": 3, "std": 0.0}}, "5": {"DRL-Agent (ours)": {"mean": 5, "std": 0.0}, "Random": {"mean": 5, "std": 0.0}, "Degree": {"mean": 5, "std": 0.0}, "Roam": {"mean": 5, "std": 0.0}}, "10": {"DRL-Agent (ours)": {"mean": 10, "std": 0.0}, "Random": {"mean": 10, "std": 0.0}, "Degree": {"mean": 10, "std": 0.0}, "Roam": {"mean": 10, "std": 0.0}}}, "time": {"1": {"DRL-Agent (ours)": {"mean": 0.037170162995656335, "std": 0.023275369178321074}, "Random": {"mean": 0.004836780230204264, "std": 0.000938410340431732}, "Degree": {"mean": 0.005089139143625895, "std": 0.010556525568975596}, "Roam": {"mean": 0.00451224406560262, "std": 0.0008128270618707826}}, "3": {"DRL-Agent (ours)": {"mean": 0.09025171836217244, "std": 0.03349825788092888}, "Random": {"mean": 0.0052046783765157065, "std": 0.010822809334989577}, "Degree": {"mean": 0.004477091630299886, "std": 0.0008952723201654164}, "Roam": {"mean": 0.004349339803059896, "std": 0.0007461741912471513}}, "5": {"DRL-Agent (ours)": {"mean": 0.1416325338681539, "std": 0.04563390685615942}, "Random": {"mean": 0.004696818987528483, "std": 0.0008274783049495181}, "Degree": {"mean": 0.004740246931711833, "std": 0.0007887274323167399}, "Roam": {"mean": 0.00460238774617513, "std": 0.0008063615842766804}}, "10": {"DRL-Agent (ours)": {"mean": 0.2773940396308899, "std": 0.0662540644460026}, "Random": {"mean": 0.004798737366994222, "std": 0.0009072280534294117}, "Degree": {"mean": 0.005211576620737712, "std": 0.001124685862908778}, "Roam": {"mean": 0.004612533251444498, "std": 0.0009810740419395653}}}}