{"goal": {"0.5": {"DRL-Agent (ours)": {"mean": 0.21, "ci": 0.0798324144693119}, "Random": {"mean": 0.17, "ci": 0.07362402868629235}, "Degree": {"mean": 0.16, "ci": 0.07185478689690757}, "Roam": {"mean": 0.15, "ci": 0.06998599859971993}}, "1": {"DRL-Agent (ours)": {"mean": 0.56, "ci": 0.09729184138456831}, "Random": {"mean": 0.45, "ci": 0.09750876883644877}, "Degree": {"mean": 0.39, "ci": 0.09559898744233644}, "Roam": {"mean": 0.07, "ci": 0.05000881522291845}}, "2": {"DRL-Agent (ours)": {"mean": 0.76, "ci": 0.08370829349592548}, "Random": {"mean": 0.65, "ci": 0.09348604173886066}, "Degree": {"mean": 0.61, "ci": 0.09559898744233644}, "Roam": {"mean": 0.08, "ci": 0.0531734670677021}}}, "nmi": {"0.5": {"DRL-Agent (ours)": {"mean": 0.8177658958600617, "std": 0.07453889889380301}, "Random": {"mean": 0.812420584247273, "std": 0.07249971666799827}, "Degree": {"mean": 0.8273557708022011, "std": 0.07344199346355125}, "Roam": {"mean": 0.8301292621055516, "std": 0.06681206855975078}}, "1": {"DRL-Agent (ours)": {"mean": 0.791989392701975, "std": 0.06893929774478644}, "Random": {"mean": 0.7913991536672326, "std": 0.08047057429537906}, "Degree": {"mean": 0.7996219083986454, "std": 0.06582088306634826}, "Roam": {"mean": 0.828469131299887, "std": 0.075605233384913}}, "2": {"DRL-Agent (ours)": {"mean": 0.7809919424774233, "std": 0.06869993179973898}, "Random": {"mean": 0.7827183328078401, "std": 0.07294517321956163}, "Degree": {"mean": 0.801108670539735, "std": 0.07049300334620592}, "Roam": {"mean": 0.8276268405016212, "std": 0.07539971543814596}}}, "steps": {"0.5": {"DRL-Agent (ours)": {"mean": 0.94, "std": 0.23748684174075835}, "Random": {"mean": 1, "std": 0.0}, "Degree": {"mean": 1, "std": 0.0}, "Roam": {"mean": 1, "std": 0.0}}, "1": {"DRL-Agent (ours)": {"mean": 2.37, "std": 0.808146026408594}, "Random": {"mean": 2.41, "std": 0.8613361713059542}, "Degree": {"mean": 2.67, "std": 0.6489221833163049}, "Roam": {"mean": 3, "std": 0.0}}, "2": {"DRL-Agent (ours)": {"mean": 3.36, "std": 2.047046653107838}, "Random": {"mean": 4.02, "std": 1.9645864704817653}, "Degree": {"mean": 4.15, "std": 1.9150718002205558}, "Roam": {"mean": 6, "std": 0.0}}}, "time": {"0.5": {"DRL-Agent (ours)": {"mean": 0.019912989139556886, "std": 0.00281747106574977}, "Random": {"mean": 0.0013330253829403837, "std": 0.0003246669998980011}, "Degree": {"mean": 0.0013465356826782226, "std": 0.00030841412807602246}, "Roam": {"mean": 0.0015376687049865722, "std": 0.0005513800705202284}}, "1": {"DRL-Agent (ours)": {"mean": 0.0350444769859314, "std": 0.009676266173278757}, "Random": {"mean": 0.002140202522277832, "std": 0.000764784340837889}, "Degree": {"mean": 0.0022240996360778807, "std": 0.0005806221205134741}, "Roam": {"mean": 0.001321275234222412, "std": 0.00035328861842159816}}, "2": {"DRL-Agent (ours)": {"mean": 0.050125977993011474, "std": 0.044435080971389096}, "Random": {"mean": 0.0030682849884033202, "std": 0.0011942429555220624}, "Degree": {"mean": 0.003084869384765625, "std": 0.0011460135902208724}, "Roam": {"mean": 0.0012997603416442871, "std": 0.0004845851316307162}}}}