{"goal": {"0.5": {"DRL-Agent (ours)": {"mean": 0.51, "ci": 0.09798039803960791}, "Random": {"mean": 0.46, "ci": 0.09768589662791656}, "Degree": {"mean": 0.72, "ci": 0.08800378173692311}, "Roam": {"mean": 0.11, "ci": 0.0613263923608751}}, "1": {"DRL-Agent (ours)": {"mean": 0.74, "ci": 0.08597231182188834}, "Random": {"mean": 0.71, "ci": 0.08893736222758128}, "Degree": {"mean": 0.87, "ci": 0.06591547314553692}, "Roam": {"mean": 0.35, "ci": 0.09348604173886066}}, "2": {"DRL-Agent (ours)": {"mean": 0.94, "ci": 0.04654742098118865}, "Random": {"mean": 0.94, "ci": 0.04654742098118865}, "Degree": {"mean": 0.91, "ci": 0.05609162504331639}, "Roam": {"mean": 0.41, "ci": 0.09639932779848623}}}, "nmi": {"0.5": {"DRL-Agent (ours)": {"mean": 0.8980755744691881, "std": 0.07477274912456275}, "Random": {"mean": 0.8985692299352198, "std": 0.07207822706594458}, "Degree": {"mean": 0.9347877182870202, "std": 0.056524382203308986}, "Roam": {"mean": 0.9762504369109424, "std": 0.04984458952091069}}, "1": {"DRL-Agent (ours)": {"mean": 0.8802121013381132, "std": 0.07019819124839094}, "Random": {"mean": 0.8660170133206653, "std": 0.07431680237150697}, "Degree": {"mean": 0.9259371863307443, "std": 0.05820965156963353}, "Roam": {"mean": 0.9219441218254539, "std": 0.05941423698821825}}, "2": {"DRL-Agent (ours)": {"mean": 0.8632210056524131, "std": 0.07409679062410177}, "Random": {"mean": 0.8738905514883771, "std": 0.07141119349601584}, "Degree": {"mean": 0.9168604626128474, "std": 0.06386184136605852}, "Roam": {"mean": 0.901163077460314, "std": 0.06952595173348446}}}, "steps": {"0.5": {"DRL-Agent (ours)": {"mean": 1.69, "std": 0.46249324319388707}, "Random": {"mean": 1.78, "std": 0.41424630354415964}, "Degree": {"mean": 1.59, "std": 0.4918333050943175}, "Roam": {"mean": 2, "std": 0.0}}, "1": {"DRL-Agent (ours)": {"mean": 2.53, "std": 1.2202868515230345}, "Random": {"mean": 2.61, "std": 1.1823282116231515}, "Degree": {"mean": 2.01, "std": 1.0535179163165664}, "Roam": {"mean": 4, "std": 0.0}}, "2": {"DRL-Agent (ours)": {"mean": 3.22, "std": 2.536059936200247}, "Random": {"mean": 3.07, "std": 2.4259225049452833}, "Degree": {"mean": 2.71, "std": 2.4425191913268565}, "Roam": {"mean": 9, "std": 0.0}}}, "time": {"0.5": {"DRL-Agent (ours)": {"mean": 0.05761144161224365, "std": 0.05322578519179975}, "Random": {"mean": 0.008256874084472655, "std": 0.0016744925972207833}, "Degree": {"mean": 0.007551753520965576, "std": 0.0018252475013176193}, "Roam": {"mean": 0.005274381637573242, "std": 0.0008618187501192639}}, "1": {"DRL-Agent (ours)": {"mean": 0.08054170846939086, "std": 0.0564037077368245}, "Random": {"mean": 0.010989084243774414, "std": 0.0038680248531106254}, "Degree": {"mean": 0.008631489276885985, "std": 0.003569776879300062}, "Roam": {"mean": 0.005162222385406494, "std": 0.0007020640387884853}}, "2": {"DRL-Agent (ours)": {"mean": 0.09941441774368286, "std": 0.089192700346775}, "Random": {"mean": 0.012382469177246093, "std": 0.008054124539180975}, "Degree": {"mean": 0.011104347705841065, "std": 0.007852603545022969}, "Roam": {"mean": 0.0053266572952270505, "std": 0.0008145988455041452}}}}