{"goal": {"0.5": {"DRL-Agent (ours)": {"mean": 0.77, "ci": 0.08248317161700318}, "Random": {"mean": 0.77, "ci": 0.08248317161700318}, "Degree": {"mean": 0.71, "ci": 0.08893736222758128}, "Roam": {"mean": 0.44, "ci": 0.09729184138456833}}, "1": {"DRL-Agent (ours)": {"mean": 0.91, "ci": 0.05609162504331639}, "Random": {"mean": 0.87, "ci": 0.06591547314553692}, "Degree": {"mean": 0.88, "ci": 0.06369246109234593}, "Roam": {"mean": 0.54, "ci": 0.09768589662791656}}, "2": {"DRL-Agent (ours)": {"mean": 0.95, "ci": 0.04271720964669862}, "Random": {"mean": 0.96, "ci": 0.03840799916684025}, "Degree": {"mean": 0.96, "ci": 0.03840799916684025}, "Roam": {"mean": 0.54, "ci": 0.09768589662791656}}}, "nmi": {"0.5": {"DRL-Agent (ours)": {"mean": 0.7162771716930876, "std": 0.03559699783224153}, "Random": {"mean": 0.7139512928320944, "std": 0.03616542081568844}, "Degree": {"mean": 0.7131579952040094, "std": 0.03542845482850738}, "Roam": {"mean": 0.7205224189731112, "std": 0.034746966831936295}}, "1": {"DRL-Agent (ours)": {"mean": 0.7126024990377872, "std": 0.03654923817304333}, "Random": {"mean": 0.71319085003416, "std": 0.03571129977060261}, "Degree": {"mean": 0.7115245777858525, "std": 0.04016924398109859}, "Roam": {"mean": 0.7212621302497988, "std": 0.038262544181770594}}, "2": {"DRL-Agent (ours)": {"mean": 0.713304590392681, "std": 0.038131078445673636}, "Random": {"mean": 0.7145997656082654, "std": 0.03572416444938353}, "Degree": {"mean": 0.7105427065802136, "std": 0.03877864421756987}, "Roam": {"mean": 0.7135811987058345, "std": 0.03605310246529691}}}, "steps": {"0.5": {"DRL-Agent (ours)": {"mean": 1.41, "std": 0.49183330509431744}, "Random": {"mean": 1.42, "std": 0.49355850717012273}, "Degree": {"mean": 1.5, "std": 0.5}, "Roam": {"mean": 2, "std": 0.0}}, "1": {"DRL-Agent (ours)": {"mean": 1.81, "std": 1.083466658462548}, "Random": {"mean": 1.94, "std": 1.1560276813294739}, "Degree": {"mean": 2.05, "std": 1.1863810517704672}, "Roam": {"mean": 4, "std": 0.0}}, "2": {"DRL-Agent (ours)": {"mean": 2.09, "std": 2.010447711331981}, "Random": {"mean": 2.03, "std": 1.9362592801585226}, "Degree": {"mean": 2.03, "std": 1.757583568425695}, "Roam": {"mean": 8, "std": 0.0}}}, "time": {"0.5": {"DRL-Agent (ours)": {"mean": 0.2595668649673462, "std": 0.18535202803337641}, "Random": {"mean": 0.033990290164947506, "std": 0.00799955989333876}, "Degree": {"mean": 0.03591923236846924, "std": 0.007983167166418153}, "Roam": {"mean": 0.026906845569610597, "std": 0.001152757851010285}}, "1": {"DRL-Agent (ours)": {"mean": 0.30865845441818235, "std": 0.21219663215917425}, "Random": {"mean": 0.048600287437438966, "std": 0.06717235607794073}, "Degree": {"mean": 0.04419747352600098, "std": 0.01838473169686959}, "Roam": {"mean": 0.03978093385696411, "std": 0.09019153938101539}}, "2": {"DRL-Agent (ours)": {"mean": 0.34378073453903196, "std": 0.3461175126519106}, "Random": {"mean": 0.04932557344436646, "std": 0.06828974893215838}, "Degree": {"mean": 0.050136294364929196, "std": 0.06928833100563193}, "Roam": {"mean": 0.03950031518936157, "std": 0.08962882773784732}}}}